413406170,122.284015,29.84910667,9.1,323.7,323,0,0,1
414400330,122.2755467,29.89760333,11.1,191,186,0,0,1
413406170,122.2839864,29.84914131,9.1,323.7,323,0,0,2
414400330,122.2755413,29.89757555,11.1,191,186,0,0,2
413406170,122.2839579,29.84917595,9.1,323.7,323,0,0,3
414400330,122.2755359,29.89754777,11.1,191,186,0,0,3
413406170,122.2839293,29.84921059,9.1,323.7,323,0,0,4
414400330,122.2755305,29.89752,11.1,191,186,0,0,4
413406170,122.2839008,29.84924523,9.1,323.7,323,0,0,5
414400330,122.275525,29.89749222,11.1,191,186,0,0,5
413406170,122.2838722,29.84927986,9.1,323.7,323,0,0,6
414400330,122.2755196,29.89746444,11.1,191,186,0,0,6
413406170,122.2838437,29.8493145,9.1,323.7,323,0,0,7
414400330,122.2755142,29.89743666,11.1,191,186,0,0,7
413406170,122.2838151,29.84934914,9.1,323.7,323,0,0,8
414400330,122.2755088,29.89740889,11.1,191,186,0,0,8
413406170,122.2837866,29.84938378,9.1,323.7,323,0,0,9
414400330,122.2755034,29.89738111,11.1,191,186,0,0,9
413406170,122.283758,29.84941842,9.1,323.7,323,0,0,10
414400330,122.275498,29.89735333,11.1,191,186,0,0,10
413406170,122.2837295,29.84945306,9.1,323.7,323,0,0,11
414400330,122.2754925,29.89732555,11.1,191,186,0,0,11
413406170,122.2837009,29.8494877,9.1,323.7,323,0,0,12
414400330,122.2754871,29.89729778,11.1,191,186,0,0,12
413406170,122.2836723,29.84952234,9.1,323.7,323,0,0,13
414400330,122.2754817,29.89727,11.1,191,186,0,0,13
413406170,122.2836438,29.84955697,9.1,323.7,323,0,0,14
414400330,122.2754763,29.89724222,11.1,191,186,0,0,14
413406170,122.2836152,29.84959161,9.1,323.7,323,0,0,15
414400330,122.2754709,29.89721444,11.1,191,186,0,0,15
413406170,122.2835867,29.84962625,9.1,323.7,323,0,0,16
414400330,122.2754655,29.89718667,11.1,191,186,0,0,16
413406170,122.2835581,29.84966089,9.1,323.7,323,0,0,17
414400330,122.27546,29.89715889,11.1,191,186,0,0,17
413406170,122.2835296,29.84969553,9.1,323.7,323,0,0,18
414400330,122.2754546,29.89713111,11.1,191,186,0,0,18
413406170,122.283501,29.84973017,9.1,323.7,323,0,0,19
414400330,122.2754492,29.89710333,11.1,191,186,0,0,19
413406170,122.2834725,29.84976481,9.1,323.7,323,0,0,20
414400330,122.2754438,29.89707555,11.1,191,186,0,0,20
413406170,122.2834439,29.84979945,9.1,323.7,323,0,0,21
414400330,122.2754384,29.89704778,11.1,191,186,0,0,21
413406170,122.2834153,29.84983409,9.1,323.7,323,0,0,22
414400330,122.275433,29.89702,11.1,191,186,0,0,22
413406170,122.2833868,29.84986872,9.1,323.7,323,0,0,23
414400330,122.2754275,29.89699222,11.1,191,186,0,0,23
413406170,122.2833582,29.84990336,9.1,323.7,323,0,0,24
414400330,122.2754221,29.89696444,11.1,191,186,0,0,24
413406170,122.2833297,29.849938,9.1,323.7,323,0,0,25
414400330,122.2754167,29.89693667,11.1,191,186,0,0,25
413406170,122.2833011,29.84997264,9.1,323.7,323,0,0,26
414400330,122.2754113,29.89690889,11.1,191,186,0,0,26
413406170,122.2832726,29.85000728,9.1,323.7,323,0,0,27
414400330,122.2754059,29.89688111,11.1,191,186,0,0,27
413406170,122.283244,29.85004192,9.1,323.7,323,0,0,28
414400330,122.2754005,29.89685333,11.1,191,186,0,0,28
413406170,122.2832155,29.85007656,9.1,323.7,323,0,0,29
414400330,122.275395,29.89682556,11.1,191,186,0,0,29
413406170,122.2831869,29.8501112,9.1,323.7,323,0,0,30
414400330,122.2753896,29.89679778,11.1,191,186,0,0,30
413406170,122.2831584,29.85014584,9.1,323.7,323,0,0,31
414400330,122.2753842,29.89677,11.1,191,186,0,0,31
413406170,122.2831298,29.85018047,9.1,323.7,323,0,0,32
414400330,122.2753788,29.89674222,11.1,191,186,0,0,32
413406170,122.2831012,29.85021511,9.1,323.7,323,0,0,33
414400330,122.2753734,29.89671444,11.1,191,186,0,0,33
413406170,122.2830727,29.85024975,9.1,323.7,323,0,0,34
414400330,122.275368,29.89668667,11.1,191,186,0,0,34
413406170,122.2830441,29.85028439,9.1,323.7,323,0,0,35
414400330,122.2753625,29.89665889,11.1,191,186,0,0,35
413406170,122.2830156,29.85031903,9.1,323.7,323,0,0,36
414400330,122.2753571,29.89663111,11.1,191,186,0,0,36
413406170,122.282987,29.85035367,9.1,323.7,323,0,0,37
414400330,122.2753517,29.89660333,11.1,191,186,0,0,37
413406170,122.2829585,29.85038831,9.1,323.7,323,0,0,38
414400330,122.2753463,29.89657556,11.1,191,186,0,0,38
413406170,122.2829299,29.85042295,9.1,323.7,323,0,0,39
414400330,122.2753409,29.89654778,11.1,191,186,0,0,39
413406170,122.2829014,29.85045758,9.1,323.7,323,0,0,40
414400330,122.2753355,29.89652,11.1,191,186,0,0,40
413406170,122.2828728,29.85049222,9.1,323.7,323,0,0,41
414400330,122.27533,29.89649222,11.1,191,186,0,0,41
413406170,122.2828442,29.85052686,9.1,323.7,323,0,0,42
414400330,122.2753246,29.89646445,11.1,191,186,0,0,42
413406170,122.2828157,29.8505615,9.1,323.7,323,0,0,43
414400330,122.2753192,29.89643667,11.1,191,186,0,0,43
413406170,122.2827871,29.85059614,9.1,323.7,323,0,0,44
414400330,122.2753138,29.89640889,11.1,191,186,0,0,44
413406170,122.2827586,29.85063078,9.1,323.7,323,0,0,45
414400330,122.2753084,29.89638111,11.1,191,186,0,0,45
413406170,122.28273,29.85066542,9.1,323.7,323,0,0,46
414400330,122.275303,29.89635334,11.1,191,186,0,0,46
413406170,122.2827015,29.85070006,9.1,323.7,323,0,0,47
414400330,122.2752975,29.89632556,11.1,191,186,0,0,47
413406170,122.2826729,29.8507347,9.1,323.7,323,0,0,48
414400330,122.2752921,29.89629778,11.1,191,186,0,0,48
413406170,122.2826444,29.85076933,9.1,323.7,323,0,0,49
414400330,122.2752867,29.89627,11.1,191,186,0,0,49
413406170,122.2826158,29.85080397,9.1,323.7,323,0,0,50
414400330,122.2752813,29.89624222,11.1,191,186,0,0,50
413406170,122.2825873,29.85083861,9.1,323.7,323,0,0,51
414400330,122.2752759,29.89621445,11.1,191,186,0,0,51
413406170,122.2825587,29.85087325,9.1,323.7,323,0,0,52
414400330,122.2752705,29.89618667,11.1,191,186,0,0,52
413406170,122.2825301,29.85090789,9.1,323.7,323,0,0,53
414400330,122.275265,29.89615889,11.1,191,186,0,0,53
413406170,122.2825016,29.85094253,9.1,323.7,323,0,0,54
414400330,122.2752596,29.89613111,11.1,191,186,0,0,54
413406170,122.282473,29.85097717,9.1,323.7,323,0,0,55
414400330,122.2752542,29.89610334,11.1,191,186,0,0,55
413406170,122.2824445,29.85101181,9.1,323.7,323,0,0,56
414400330,122.2752488,29.89607556,11.1,191,186,0,0,56
413406170,122.2824159,29.85104644,9.1,323.7,323,0,0,57
414400330,122.2752434,29.89604778,11.1,191,186,0,0,57
413406170,122.2823874,29.85108108,9.1,323.7,323,0,0,58
414400330,122.275238,29.89602,11.1,191,186,0,0,58
413406170,122.2823588,29.85111572,9.1,323.7,323,0,0,59
414400330,122.2752325,29.89599223,11.1,191,186,0,0,59
413406170,122.2823303,29.85115036,9.1,323.7,323,0,0,60
414400330,122.2752271,29.89596445,11.1,191,186,0,0,60
413406170,122.2823017,29.851185,9.1,327.2,327,0,0,61
414400330,122.2752217,29.89593667,11.7,190.6,185,0,0,61
413406170,122.2822616,29.85123778,9.1,327.2,327,0,0,62
414400330,122.2752075,29.89586598,11.7,190.6,185,0,0,62
413406170,122.2822216,29.85129056,9.1,327.2,327,0,0,63
414400330,122.2751933,29.89579528,11.7,190.6,185,0,0,63
413406170,122.2821815,29.85134333,9.1,327.2,327,0,0,64
414400330,122.275179,29.89572459,11.7,190.6,185,0,0,64
413406170,122.2821415,29.85139611,9.1,327.2,327,0,0,65
414400330,122.2751648,29.89565389,11.7,190.6,185,0,0,65
413406170,122.2821014,29.85144889,9.1,327.2,327,0,0,66
414400330,122.2751506,29.8955832,11.7,190.6,185,0,0,66
413406170,122.2820614,29.85150167,9.1,327.2,327,0,0,67
414400330,122.2751364,29.8955125,11.7,190.6,185,0,0,67
413406170,122.2820213,29.85155444,9.1,327.2,327,0,0,68
414400330,122.2751221,29.89544181,11.7,190.6,185,0,0,68
413406170,122.2819812,29.85160722,9.1,327.2,327,0,0,69
414400330,122.2751079,29.89537111,11.7,190.6,185,0,0,69
413406170,122.2819412,29.85166,9.1,327.2,327,0,0,70
414400330,122.2750937,29.89530042,11.7,190.6,185,0,0,70
413406170,122.2819011,29.85171278,9.1,327.2,327,0,0,71
414400330,122.2750795,29.89522973,11.7,190.6,185,0,0,71
413406170,122.2818611,29.85176556,9.1,327.2,327,0,0,72
414400330,122.2750652,29.89515903,11.7,190.6,185,0,0,72
413406170,122.281821,29.85181833,9.1,327.2,327,0,0,73
414400330,122.275051,29.89508834,11.7,190.6,185,0,0,73
413406170,122.281781,29.85187111,9.1,327.2,327,0,0,74
414400330,122.2750368,29.89501764,11.7,190.6,185,0,0,74
413406170,122.2817409,29.85192389,9.1,327.2,327,0,0,75
414400330,122.2750226,29.89494695,11.7,190.6,185,0,0,75
413406170,122.2817009,29.85197667,9.1,327.2,327,0,0,76
414400330,122.2750084,29.89487625,11.7,190.6,185,0,0,76
413406170,122.2816608,29.85202945,9.1,327.2,327,0,0,77
414400330,122.2749941,29.89480556,11.7,190.6,185,0,0,77
413406170,122.2816207,29.85208222,9.1,327.2,327,0,0,78
414400330,122.2749799,29.89473486,11.7,190.6,185,0,0,78
413406170,122.2815807,29.852135,9.1,327.2,327,0,0,79
414400330,122.2749657,29.89466417,11.7,190.6,185,0,0,79
413406170,122.2815406,29.85218778,9.1,327.2,327,0,0,80
414400330,122.2749515,29.89459347,11.7,190.6,185,0,0,80
413406170,122.2815006,29.85224056,9.1,327.2,327,0,0,81
414400330,122.2749372,29.89452278,11.7,190.6,185,0,0,81
413406170,122.2814605,29.85229333,9.1,327.2,327,0,0,82
414400330,122.274923,29.89445209,11.7,190.6,185,0,0,82
413406170,122.2814205,29.85234611,9.1,327.2,327,0,0,83
414400330,122.2749088,29.89438139,11.7,190.6,185,0,0,83
413406170,122.2813804,29.85239889,9.1,327.2,327,0,0,84
414400330,122.2748946,29.8943107,11.7,190.6,185,0,0,84
413406170,122.2813403,29.85245167,9.1,327.2,327,0,0,85
414400330,122.2748803,29.89424,11.7,190.6,185,0,0,85
413406170,122.2813003,29.85250445,9.1,327.2,327,0,0,86
414400330,122.2748661,29.89416931,11.7,190.6,185,0,0,86
413406170,122.2812602,29.85255722,9.1,327.2,327,0,0,87
414400330,122.2748519,29.89409861,11.7,190.6,185,0,0,87
413406170,122.2812202,29.85261,9.1,327.2,327,0,0,88
414400330,122.2748377,29.89402792,11.7,190.6,185,0,0,88
413406170,122.2811801,29.85266278,9.1,327.2,327,0,0,89
414400330,122.2748234,29.89395722,11.7,190.6,185,0,0,89
413406170,122.2811401,29.85271556,9.1,327.2,327,0,0,90
414400330,122.2748092,29.89388653,11.7,190.6,185,0,0,90
413406170,122.2811,29.85276834,9.1,327.2,327,0,0,91
414400330,122.274795,29.89381583,11.7,190.6,185,0,0,91
413406170,122.2810599,29.85282111,9.1,327.2,327,0,0,92
414400330,122.2747808,29.89374514,11.7,190.6,185,0,0,92
413406170,122.2810199,29.85287389,9.1,327.2,327,0,0,93
414400330,122.2747666,29.89367445,11.7,190.6,185,0,0,93
413406170,122.2809798,29.85292667,9.1,327.2,327,0,0,94
414400330,122.2747523,29.89360375,11.7,190.6,185,0,0,94
413406170,122.2809398,29.85297945,9.1,327.2,327,0,0,95
414400330,122.2747381,29.89353306,11.7,190.6,185,0,0,95
413406170,122.2808997,29.85303222,9.1,327.2,327,0,0,96
414400330,122.2747239,29.89346236,11.7,190.6,185,0,0,96
413406170,122.2808597,29.853085,9.1,327.2,327,0,0,97
414400330,122.2747097,29.89339167,11.7,190.6,185,0,0,97
413406170,122.2808196,29.85313778,9.1,327.2,327,0,0,98
414400330,122.2746954,29.89332097,11.7,190.6,185,0,0,98
413406170,122.2807795,29.85319056,9.1,327.2,327,0,0,99
414400330,122.2746812,29.89325028,11.7,190.6,185,0,0,99
413406170,122.2807395,29.85324334,9.1,327.2,327,0,0,100
414400330,122.274667,29.89317958,11.7,190.6,185,0,0,100
413406170,122.2806994,29.85329611,9.1,327.2,327,0,0,101
414400330,122.2746528,29.89310889,11.7,190.6,185,0,0,101
413406170,122.2806594,29.85334889,9.1,327.2,327,0,0,102
414400330,122.2746385,29.8930382,11.7,190.6,185,0,0,102
413406170,122.2806193,29.85340167,9.1,327.2,327,0,0,103
414400330,122.2746243,29.8929675,11.7,190.6,185,0,0,103
413406170,122.2805793,29.85345445,9.1,327.2,327,0,0,104
414400330,122.2746101,29.89289681,11.7,190.6,185,0,0,104
413406170,122.2805392,29.85350722,9.1,327.2,327,0,0,105
414400330,122.2745959,29.89282611,11.7,190.6,185,0,0,105
413406170,122.2804992,29.85356,9.1,327.2,327,0,0,106
414400330,122.2745817,29.89275542,11.7,190.6,185,0,0,106
413406170,122.2804591,29.85361278,9.1,327.2,327,0,0,107
414400330,122.2745674,29.89268472,11.7,190.6,185,0,0,107
413406170,122.280419,29.85366556,9.1,327.2,327,0,0,108
414400330,122.2745532,29.89261403,11.7,190.6,185,0,0,108
413406170,122.280379,29.85371834,9.1,327.2,327,0,0,109
414400330,122.274539,29.89254333,11.7,190.6,185,0,0,109
413406170,122.2803389,29.85377111,9.1,327.2,327,0,0,110
414400330,122.2745248,29.89247264,11.7,190.6,185,0,0,110
413406170,122.2802989,29.85382389,9.1,327.2,327,0,0,111
414400330,122.2745105,29.89240195,11.7,190.6,185,0,0,111
413406170,122.2802588,29.85387667,9.1,327.2,327,0,0,112
414400330,122.2744963,29.89233125,11.7,190.6,185,0,0,112
413406170,122.2802188,29.85392945,9.1,327.2,327,0,0,113
414400330,122.2744821,29.89226056,11.7,190.6,185,0,0,113
413406170,122.2801787,29.85398223,9.1,327.2,327,0,0,114
414400330,122.2744679,29.89218986,11.7,190.6,185,0,0,114
413406170,122.2801386,29.854035,9.1,327.2,327,0,0,115
414400330,122.2744536,29.89211917,11.7,190.6,185,0,0,115
413406170,122.2800986,29.85408778,9.1,327.2,327,0,0,116
414400330,122.2744394,29.89204847,11.7,190.6,185,0,0,116
413406170,122.2800585,29.85414056,9.1,327.2,327,0,0,117
414400330,122.2744252,29.89197778,11.7,190.6,185,0,0,117
413406170,122.2800185,29.85419334,9.1,327.2,327,0,0,118
414400330,122.274411,29.89190708,11.7,190.6,185,0,0,118
413406170,122.2799784,29.85424611,9.1,327.2,327,0,0,119
414400330,122.2743967,29.89183639,11.7,190.6,185,0,0,119
413406170,122.2799384,29.85429889,9.1,327.2,327,0,0,120
414400330,122.2743825,29.89176569,11.7,190.6,185,0,0,120
413406170,122.2798983,29.85435167,8.9,324.9,325,0,0,121
414400330,122.2743683,29.891695,11.5,192,193,0,0,121
413406170,122.279873,29.85438611,8.9,324.9,325,0,0,122
414400330,122.274358,29.89166167,11.5,192,193,0,0,122
413406170,122.2798477,29.85442056,8.9,324.9,325,0,0,123
414400330,122.2743477,29.89162833,11.5,192,193,0,0,123
413406170,122.2798225,29.854455,8.9,324.9,325,0,0,124
414400330,122.2743375,29.891595,11.5,192,193,0,0,124
413406170,122.2797972,29.85448945,8.9,324.9,325,0,0,125
414400330,122.2743272,29.89156167,11.5,192,193,0,0,125
413406170,122.2797719,29.85452389,8.9,324.9,325,0,0,126
414400330,122.2743169,29.89152833,11.5,192,193,0,0,126
413406170,122.2797466,29.85455834,8.9,324.9,325,0,0,127
414400330,122.2743066,29.891495,11.5,192,193,0,0,127
413406170,122.2797214,29.85459278,8.9,324.9,325,0,0,128
414400330,122.2742964,29.89146167,11.5,192,193,0,0,128
413406170,122.2796961,29.85462722,8.9,324.9,325,0,0,129
414400330,122.2742861,29.89142833,11.5,192,193,0,0,129
413406170,122.2796708,29.85466167,8.9,324.9,325,0,0,130
414400330,122.2742758,29.891395,11.5,192,193,0,0,130
413406170,122.2796455,29.85469611,8.9,324.9,325,0,0,131
414400330,122.2742655,29.89136167,11.5,192,193,0,0,131
413406170,122.2796203,29.85473056,8.9,324.9,325,0,0,132
414400330,122.2742553,29.89132833,11.5,192,193,0,0,132
413406170,122.279595,29.854765,8.9,324.9,325,0,0,133
414400330,122.274245,29.891295,11.5,192,193,0,0,133
413406170,122.2795697,29.85479945,8.9,324.9,325,0,0,134
414400330,122.2742347,29.89126167,11.5,192,193,0,0,134
413406170,122.2795444,29.85483389,8.9,324.9,325,0,0,135
414400330,122.2742244,29.89122833,11.5,192,193,0,0,135
413406170,122.2795192,29.85486834,8.9,324.9,325,0,0,136
414400330,122.2742142,29.891195,11.5,192,193,0,0,136
413406170,122.2794939,29.85490278,8.9,324.9,325,0,0,137
414400330,122.2742039,29.89116167,11.5,192,193,0,0,137
413406170,122.2794686,29.85493722,8.9,324.9,325,0,0,138
414400330,122.2741936,29.89112833,11.5,192,193,0,0,138
413406170,122.2794433,29.85497167,8.9,324.9,325,0,0,139
414400330,122.2741833,29.891095,11.5,192,193,0,0,139
413406170,122.279418,29.85500611,8.9,324.9,325,0,0,140
414400330,122.274173,29.89106167,11.5,192,193,0,0,140
413406170,122.2793928,29.85504056,8.9,324.9,325,0,0,141
414400330,122.2741628,29.89102833,11.5,192,193,0,0,141
413406170,122.2793675,29.855075,8.9,324.9,325,0,0,142
414400330,122.2741525,29.890995,11.5,192,193,0,0,142
413406170,122.2793422,29.85510945,8.9,324.9,325,0,0,143
414400330,122.2741422,29.89096167,11.5,192,193,0,0,143
413406170,122.2793169,29.85514389,8.9,324.9,325,0,0,144
414400330,122.2741319,29.89092833,11.5,192,193,0,0,144
413406170,122.2792917,29.85517833,8.9,324.9,325,0,0,145
414400330,122.2741217,29.890895,11.5,192,193,0,0,145
413406170,122.2792664,29.85521278,8.9,324.9,325,0,0,146
414400330,122.2741114,29.89086167,11.5,192,193,0,0,146
413406170,122.2792411,29.85524722,8.9,324.9,325,0,0,147
414400330,122.2741011,29.89082833,11.5,192,193,0,0,147
413406170,122.2792158,29.85528167,8.9,324.9,325,0,0,148
414400330,122.2740908,29.890795,11.5,192,193,0,0,148
413406170,122.2791906,29.85531611,8.9,324.9,325,0,0,149
414400330,122.2740806,29.89076167,11.5,192,193,0,0,149
413406170,122.2791653,29.85535056,8.9,324.9,325,0,0,150
414400330,122.2740703,29.89072833,11.5,192,193,0,0,150
413406170,122.27914,29.855385,8.9,324.9,325,0,0,151
414400330,122.27406,29.890695,11.5,192,193,0,0,151
413406170,122.2791147,29.85541944,8.9,324.9,325,0,0,152
414400330,122.2740497,29.89066167,11.5,192,193,0,0,152
413406170,122.2790894,29.85545389,8.9,324.9,325,0,0,153
414400330,122.2740394,29.89062833,11.5,192,193,0,0,153
413406170,122.2790642,29.85548833,8.9,324.9,325,0,0,154
414400330,122.2740292,29.890595,11.5,192,193,0,0,154
413406170,122.2790389,29.85552278,8.9,324.9,325,0,0,155
414400330,122.2740189,29.89056167,11.5,192,193,0,0,155
413406170,122.2790136,29.85555722,8.9,324.9,325,0,0,156
414400330,122.2740086,29.89052833,11.5,192,193,0,0,156
413406170,122.2789883,29.85559167,8.9,324.9,325,0,0,157
414400330,122.2739983,29.890495,11.5,192,193,0,0,157
413406170,122.2789631,29.85562611,8.9,324.9,325,0,0,158
414400330,122.2739881,29.89046167,11.5,192,193,0,0,158
413406170,122.2789378,29.85566055,8.9,324.9,325,0,0,159
414400330,122.2739778,29.89042833,11.5,192,193,0,0,159
413406170,122.2789125,29.855695,8.9,324.9,325,0,0,160
414400330,122.2739675,29.890395,11.5,192,193,0,0,160
413406170,122.2788872,29.85572944,8.9,324.9,325,0,0,161
414400330,122.2739572,29.89036167,11.5,192,193,0,0,161
413406170,122.278862,29.85576389,8.9,324.9,325,0,0,162
414400330,122.273947,29.89032833,11.5,192,193,0,0,162
413406170,122.2788367,29.85579833,8.9,324.9,325,0,0,163
414400330,122.2739367,29.890295,11.5,192,193,0,0,163
413406170,122.2788114,29.85583278,8.9,324.9,325,0,0,164
414400330,122.2739264,29.89026167,11.5,192,193,0,0,164
413406170,122.2787861,29.85586722,8.9,324.9,325,0,0,165
414400330,122.2739161,29.89022833,11.5,192,193,0,0,165
413406170,122.2787609,29.85590167,8.9,324.9,325,0,0,166
414400330,122.2739059,29.890195,11.5,192,193,0,0,166
413406170,122.2787356,29.85593611,8.9,324.9,325,0,0,167
414400330,122.2738956,29.89016167,11.5,192,193,0,0,167
413406170,122.2787103,29.85597055,8.9,324.9,325,0,0,168
414400330,122.2738853,29.89012833,11.5,192,193,0,0,168
413406170,122.278685,29.856005,8.9,324.9,325,0,0,169
414400330,122.273875,29.890095,11.5,192,193,0,0,169
413406170,122.2786597,29.85603944,8.9,324.9,325,0,0,170
414400330,122.2738647,29.89006167,11.5,192,193,0,0,170
413406170,122.2786345,29.85607389,8.9,324.9,325,0,0,171
414400330,122.2738545,29.89002833,11.5,192,193,0,0,171
413406170,122.2786092,29.85610833,8.9,324.9,325,0,0,172
414400330,122.2738442,29.889995,11.5,192,193,0,0,172
413406170,122.2785839,29.85614278,8.9,324.9,325,0,0,173
414400330,122.2738339,29.88996167,11.5,192,193,0,0,173
413406170,122.2785586,29.85617722,8.9,324.9,325,0,0,174
414400330,122.2738236,29.88992833,11.5,192,193,0,0,174
413406170,122.2785334,29.85621166,8.9,324.9,325,0,0,175
414400330,122.2738134,29.889895,11.5,192,193,0,0,175
413406170,122.2785081,29.85624611,8.9,324.9,325,0,0,176
414400330,122.2738031,29.88986167,11.5,192,193,0,0,176
413406170,122.2784828,29.85628055,8.9,324.9,325,0,0,177
414400330,122.2737928,29.88982833,11.5,192,193,0,0,177
413406170,122.2784575,29.856315,8.9,324.9,325,0,0,178
414400330,122.2737825,29.889795,11.5,192,193,0,0,178
413406170,122.2784323,29.85634944,8.9,324.9,325,0,0,179
414400330,122.2737723,29.88976167,11.5,192,193,0,0,179
413406170,122.278407,29.85638389,8.9,324.9,325,0,0,180
414400330,122.273762,29.88972833,11.5,192,193,0,0,180
413406170,122.2783817,29.85641833,8.6,332,332,0,0,181
414400330,122.2737517,29.889695,11.5,194.2,193,0,0,181
413406170,122.278363,29.85645444,8.6,332,332,0,0,182
414400330,122.273728,29.88961383,11.5,194.2,193,0,0,182
413406170,122.2783443,29.85649055,8.6,332,332,0,0,183
414400330,122.2737043,29.88953267,11.5,194.2,193,0,0,183
413406170,122.2783256,29.85652666,8.6,332,332,0,0,184
414400330,122.2736806,29.8894515,11.5,194.2,193,0,0,184
413406170,122.2783069,29.85656277,8.6,332,332,0,0,185
414400330,122.2736569,29.88937033,11.5,194.2,193,0,0,185
413406170,122.2782882,29.85659889,8.6,332,332,0,0,186
414400330,122.2736332,29.88928917,11.5,194.2,193,0,0,186
413406170,122.2782695,29.856635,8.6,332,332,0,0,187
414400330,122.2736095,29.889208,11.5,194.2,193,0,0,187
413406170,122.2782508,29.85667111,8.6,332,332,0,0,188
414400330,122.2735858,29.88912683,11.5,194.2,193,0,0,188
413406170,122.2782321,29.85670722,8.6,332,332,0,0,189
414400330,122.2735621,29.88904567,11.5,194.2,193,0,0,189
413406170,122.2782134,29.85674333,8.6,332,332,0,0,190
414400330,122.2735384,29.8889645,11.5,194.2,193,0,0,190
413406170,122.2781948,29.85677944,8.6,332,332,0,0,191
414400330,122.2735148,29.88888333,11.5,194.2,193,0,0,191
413406170,122.2781761,29.85681555,8.6,332,332,0,0,192
414400330,122.2734911,29.88880217,11.5,194.2,193,0,0,192
413406170,122.2781574,29.85685166,8.6,332,332,0,0,193
414400330,122.2734674,29.888721,11.5,194.2,193,0,0,193
413406170,122.2781387,29.85688778,8.6,332,332,0,0,194
414400330,122.2734437,29.88863983,11.5,194.2,193,0,0,194
413406170,122.27812,29.85692389,8.6,332,332,0,0,195
414400330,122.27342,29.88855867,11.5,194.2,193,0,0,195
413406170,122.2781013,29.85696,8.6,332,332,0,0,196
414400330,122.2733963,29.8884775,11.5,194.2,193,0,0,196
413406170,122.2780826,29.85699611,8.6,332,332,0,0,197
414400330,122.2733726,29.88839633,11.5,194.2,193,0,0,197
413406170,122.2780639,29.85703222,8.6,332,332,0,0,198
414400330,122.2733489,29.88831517,11.5,194.2,193,0,0,198
413406170,122.2780452,29.85706833,8.6,332,332,0,0,199
414400330,122.2733252,29.888234,11.5,194.2,193,0,0,199
413406170,122.2780265,29.85710444,8.6,332,332,0,0,200
414400330,122.2733015,29.88815283,11.5,194.2,193,0,0,200
413406170,122.2780078,29.85714055,8.6,332,332,0,0,201
414400330,122.2732778,29.88807167,11.5,194.2,193,0,0,201
413406170,122.2779891,29.85717666,8.6,332,332,0,0,202
414400330,122.2732541,29.8879905,11.5,194.2,193,0,0,202
413406170,122.2779704,29.85721278,8.6,332,332,0,0,203
414400330,122.2732304,29.88790933,11.5,194.2,193,0,0,203
413406170,122.2779517,29.85724889,8.6,332,332,0,0,204
414400330,122.2732067,29.88782817,11.5,194.2,193,0,0,204
413406170,122.277933,29.857285,8.6,332,332,0,0,205
414400330,122.273183,29.887747,11.5,194.2,193,0,0,205
413406170,122.2779143,29.85732111,8.6,332,332,0,0,206
414400330,122.2731593,29.88766583,11.5,194.2,193,0,0,206
413406170,122.2778956,29.85735722,8.6,332,332,0,0,207
414400330,122.2731356,29.88758467,11.5,194.2,193,0,0,207
413406170,122.2778769,29.85739333,8.6,332,332,0,0,208
414400330,122.2731119,29.8875035,11.5,194.2,193,0,0,208
413406170,122.2778582,29.85742944,8.6,332,332,0,0,209
414400330,122.2730882,29.88742233,11.5,194.2,193,0,0,209
413406170,122.2778395,29.85746555,8.6,332,332,0,0,210
414400330,122.2730645,29.88734117,11.5,194.2,193,0,0,210
413406170,122.2778209,29.85750167,8.6,332,332,0,0,211
414400330,122.2730409,29.88726,11.5,194.2,193,0,0,211
413406170,122.2778022,29.85753778,8.6,332,332,0,0,212
414400330,122.2730172,29.88717883,11.5,194.2,193,0,0,212
413406170,122.2777835,29.85757389,8.6,332,332,0,0,213
414400330,122.2729935,29.88709767,11.5,194.2,193,0,0,213
413406170,122.2777648,29.85761,8.6,332,332,0,0,214
414400330,122.2729698,29.8870165,11.5,194.2,193,0,0,214
413406170,122.2777461,29.85764611,8.6,332,332,0,0,215
414400330,122.2729461,29.88693533,11.5,194.2,193,0,0,215
413406170,122.2777274,29.85768222,8.6,332,332,0,0,216
414400330,122.2729224,29.88685417,11.5,194.2,193,0,0,216
413406170,122.2777087,29.85771833,8.6,332,332,0,0,217
414400330,122.2728987,29.886773,11.5,194.2,193,0,0,217
413406170,122.27769,29.85775444,8.6,332,332,0,0,218
414400330,122.272875,29.88669183,11.5,194.2,193,0,0,218
413406170,122.2776713,29.85779055,8.6,332,332,0,0,219
414400330,122.2728513,29.88661067,11.5,194.2,193,0,0,219
413406170,122.2776526,29.85782667,8.6,332,332,0,0,220
414400330,122.2728276,29.8865295,11.5,194.2,193,0,0,220
413406170,122.2776339,29.85786278,8.6,332,332,0,0,221
414400330,122.2728039,29.88644833,11.5,194.2,193,0,0,221
413406170,122.2776152,29.85789889,8.6,332,332,0,0,222
414400330,122.2727802,29.88636717,11.5,194.2,193,0,0,222
413406170,122.2775965,29.857935,8.6,332,332,0,0,223
414400330,122.2727565,29.886286,11.5,194.2,193,0,0,223
413406170,122.2775778,29.85797111,8.6,332,332,0,0,224
414400330,122.2727328,29.88620483,11.5,194.2,193,0,0,224
413406170,122.2775591,29.85800722,8.6,332,332,0,0,225
414400330,122.2727091,29.88612367,11.5,194.2,193,0,0,225
413406170,122.2775404,29.85804333,8.6,332,332,0,0,226
414400330,122.2726854,29.8860425,11.5,194.2,193,0,0,226
413406170,122.2775217,29.85807944,8.6,332,332,0,0,227
414400330,122.2726617,29.88596133,11.5,194.2,193,0,0,227
413406170,122.277503,29.85811555,8.6,332,332,0,0,228
414400330,122.272638,29.88588017,11.5,194.2,193,0,0,228
413406170,122.2774843,29.85815167,8.6,332,332,0,0,229
414400330,122.2726143,29.885799,11.5,194.2,193,0,0,229
413406170,122.2774656,29.85818778,8.6,332,332,0,0,230
414400330,122.2725906,29.88571783,11.5,194.2,193,0,0,230
413406170,122.277447,29.85822389,8.6,332,332,0,0,231
414400330,122.272567,29.88563667,11.5,194.2,193,0,0,231
413406170,122.2774283,29.85826,8.6,332,332,0,0,232
414400330,122.2725433,29.8855555,11.5,194.2,193,0,0,232
413406170,122.2774096,29.85829611,8.6,332,332,0,0,233
414400330,122.2725196,29.88547433,11.5,194.2,193,0,0,233
413406170,122.2773909,29.85833222,8.6,332,332,0,0,234
414400330,122.2724959,29.88539317,11.5,194.2,193,0,0,234
413406170,122.2773722,29.85836833,8.6,332,332,0,0,235
414400330,122.2724722,29.885312,11.5,194.2,193,0,0,235
413406170,122.2773535,29.85840444,8.6,332,332,0,0,236
414400330,122.2724485,29.88523083,11.5,194.2,193,0,0,236
413406170,122.2773348,29.85844056,8.6,332,332,0,0,237
414400330,122.2724248,29.88514967,11.5,194.2,193,0,0,237
413406170,122.2773161,29.85847667,8.6,332,332,0,0,238
414400330,122.2724011,29.8850685,11.5,194.2,193,0,0,238
413406170,122.2772974,29.85851278,8.6,332,332,0,0,239
414400330,122.2723774,29.88498733,11.5,194.2,193,0,0,239
413406170,122.2772787,29.85854889,8.6,332,332,0,0,240
414400330,122.2723537,29.88490617,11.5,194.2,193,0,0,240
413406170,122.27726,29.858585,8.6,338.1,338,0,0,241
414400330,122.27233,29.884825,11.9,192.5,189,0,0,241
413406170,122.2772431,29.85862197,8.6,338.1,338,0,0,242
414400330,122.2723233,29.88478786,11.9,192.5,189,0,0,242
413406170,122.2772262,29.85865894,8.6,338.1,338,0,0,243
414400330,122.2723166,29.88475072,11.9,192.5,189,0,0,243
413406170,122.2772093,29.85869592,8.6,338.1,338,0,0,244
414400330,122.2723099,29.88471358,11.9,192.5,189,0,0,244
413406170,122.2771923,29.85873289,8.6,338.1,338,0,0,245
414400330,122.2723032,29.88467644,11.9,192.5,189,0,0,245
413406170,122.2771754,29.85876986,8.6,338.1,338,0,0,246
414400330,122.2722965,29.88463931,11.9,192.5,189,0,0,246
413406170,122.2771585,29.85880683,8.6,338.1,338,0,0,247
414400330,122.2722898,29.88460217,11.9,192.5,189,0,0,247
413406170,122.2771416,29.85884381,8.6,338.1,338,0,0,248
414400330,122.2722831,29.88456503,11.9,192.5,189,0,0,248
413406170,122.2771247,29.85888078,8.6,338.1,338,0,0,249
414400330,122.2722764,29.88452789,11.9,192.5,189,0,0,249
413406170,122.2771078,29.85891775,8.6,338.1,338,0,0,250
414400330,122.2722697,29.88449075,11.9,192.5,189,0,0,250
413406170,122.2770908,29.85895472,8.6,338.1,338,0,0,251
414400330,122.272263,29.88445361,11.9,192.5,189,0,0,251
413406170,122.2770739,29.85899169,8.6,338.1,338,0,0,252
414400330,122.2722564,29.88441647,11.9,192.5,189,0,0,252
413406170,122.277057,29.85902867,8.6,338.1,338,0,0,253
414400330,122.2722497,29.88437933,11.9,192.5,189,0,0,253
413406170,122.2770401,29.85906564,8.6,338.1,338,0,0,254
414400330,122.272243,29.8843422,11.9,192.5,189,0,0,254
413406170,122.2770232,29.85910261,8.6,338.1,338,0,0,255
414400330,122.2722363,29.88430506,11.9,192.5,189,0,0,255
413406170,122.2770063,29.85913958,8.6,338.1,338,0,0,256
414400330,122.2722296,29.88426792,11.9,192.5,189,0,0,256
413406170,122.2769893,29.85917655,8.6,338.1,338,0,0,257
414400330,122.2722229,29.88423078,11.9,192.5,189,0,0,257
413406170,122.2769724,29.85921353,8.6,338.1,338,0,0,258
414400330,122.2722162,29.88419364,11.9,192.5,189,0,0,258
413406170,122.2769555,29.8592505,8.6,338.1,338,0,0,259
414400330,122.2722095,29.8841565,11.9,192.5,189,0,0,259
413406170,122.2769386,29.85928747,8.6,338.1,338,0,0,260
414400330,122.2722028,29.88411936,11.9,192.5,189,0,0,260
413406170,122.2769217,29.85932444,8.6,338.1,338,0,0,261
414400330,122.2721961,29.88408222,11.9,192.5,189,0,0,261
413406170,122.2769048,29.85936142,8.6,338.1,338,0,0,262
414400330,122.2721894,29.88404508,11.9,192.5,189,0,0,262
413406170,122.2768878,29.85939839,8.6,338.1,338,0,0,263
414400330,122.2721827,29.88400795,11.9,192.5,189,0,0,263
413406170,122.2768709,29.85943536,8.6,338.1,338,0,0,264
414400330,122.272176,29.88397081,11.9,192.5,189,0,0,264
413406170,122.276854,29.85947233,8.6,338.1,338,0,0,265
414400330,122.2721693,29.88393367,11.9,192.5,189,0,0,265
413406170,122.2768371,29.8595093,8.6,338.1,338,0,0,266
414400330,122.2721626,29.88389653,11.9,192.5,189,0,0,266
413406170,122.2768202,29.85954628,8.6,338.1,338,0,0,267
414400330,122.2721559,29.88385939,11.9,192.5,189,0,0,267
413406170,122.2768033,29.85958325,8.6,338.1,338,0,0,268
414400330,122.2721492,29.88382225,11.9,192.5,189,0,0,268
413406170,122.2767863,29.85962022,8.6,338.1,338,0,0,269
414400330,122.2721425,29.88378511,11.9,192.5,189,0,0,269
413406170,122.2767694,29.85965719,8.6,338.1,338,0,0,270
414400330,122.2721358,29.88374797,11.9,192.5,189,0,0,270
413406170,122.2767525,29.85969417,8.6,338.1,338,0,0,271
414400330,122.2721292,29.88371084,11.9,192.5,189,0,0,271
413406170,122.2767356,29.85973114,8.6,338.1,338,0,0,272
414400330,122.2721225,29.8836737,11.9,192.5,189,0,0,272
413406170,122.2767187,29.85976811,8.6,338.1,338,0,0,273
414400330,122.2721158,29.88363656,11.9,192.5,189,0,0,273
413406170,122.2767018,29.85980508,8.6,338.1,338,0,0,274
414400330,122.2721091,29.88359942,11.9,192.5,189,0,0,274
413406170,122.2766848,29.85984205,8.6,338.1,338,0,0,275
414400330,122.2721024,29.88356228,11.9,192.5,189,0,0,275
413406170,122.2766679,29.85987903,8.6,338.1,338,0,0,276
414400330,122.2720957,29.88352514,11.9,192.5,189,0,0,276
413406170,122.276651,29.859916,8.6,338.1,338,0,0,277
414400330,122.272089,29.883488,11.9,192.5,189,0,0,277
413406170,122.2766341,29.85995297,8.6,338.1,338,0,0,278
414400330,122.2720823,29.88345086,11.9,192.5,189,0,0,278
413406170,122.2766172,29.85998994,8.6,338.1,338,0,0,279
414400330,122.2720756,29.88341372,11.9,192.5,189,0,0,279
413406170,122.2766003,29.86002691,8.6,338.1,338,0,0,280
414400330,122.2720689,29.88337659,11.9,192.5,189,0,0,280
413406170,122.2765833,29.86006389,8.6,338.1,338,0,0,281
414400330,122.2720622,29.88333945,11.9,192.5,189,0,0,281
413406170,122.2765664,29.86010086,8.6,338.1,338,0,0,282
414400330,122.2720555,29.88330231,11.9,192.5,189,0,0,282
413406170,122.2765495,29.86013783,8.6,338.1,338,0,0,283
414400330,122.2720488,29.88326517,11.9,192.5,189,0,0,283
413406170,122.2765326,29.8601748,8.6,338.1,338,0,0,284
414400330,122.2720421,29.88322803,11.9,192.5,189,0,0,284
413406170,122.2765157,29.86021178,8.6,338.1,338,0,0,285
414400330,122.2720354,29.88319089,11.9,192.5,189,0,0,285
413406170,122.2764988,29.86024875,8.6,338.1,338,0,0,286
414400330,122.2720287,29.88315375,11.9,192.5,189,0,0,286
413406170,122.2764818,29.86028572,8.6,338.1,338,0,0,287
414400330,122.272022,29.88311661,11.9,192.5,189,0,0,287
413406170,122.2764649,29.86032269,8.6,338.1,338,0,0,288
414400330,122.2720153,29.88307947,11.9,192.5,189,0,0,288
413406170,122.276448,29.86035966,8.6,338.1,338,0,0,289
414400330,122.2720086,29.88304234,11.9,192.5,189,0,0,289
413406170,122.2764311,29.86039664,8.6,338.1,338,0,0,290
414400330,122.2720019,29.8830052,11.9,192.5,189,0,0,290
413406170,122.2764142,29.86043361,8.6,338.1,338,0,0,291
414400330,122.2719953,29.88296806,11.9,192.5,189,0,0,291
413406170,122.2763973,29.86047058,8.6,338.1,338,0,0,292
414400330,122.2719886,29.88293092,11.9,192.5,189,0,0,292
413406170,122.2763803,29.86050755,8.6,338.1,338,0,0,293
414400330,122.2719819,29.88289378,11.9,192.5,189,0,0,293
413406170,122.2763634,29.86054452,8.6,338.1,338,0,0,294
414400330,122.2719752,29.88285664,11.9,192.5,189,0,0,294
413406170,122.2763465,29.8605815,8.6,338.1,338,0,0,295
414400330,122.2719685,29.8828195,11.9,192.5,189,0,0,295
413406170,122.2763296,29.86061847,8.6,338.1,338,0,0,296
414400330,122.2719618,29.88278236,11.9,192.5,189,0,0,296
413406170,122.2763127,29.86065544,8.6,338.1,338,0,0,297
414400330,122.2719551,29.88274523,11.9,192.5,189,0,0,297
413406170,122.2762958,29.86069241,8.6,338.1,338,0,0,298
414400330,122.2719484,29.88270809,11.9,192.5,189,0,0,298
413406170,122.2762788,29.86072939,8.6,338.1,338,0,0,299
414400330,122.2719417,29.88267095,11.9,192.5,189,0,0,299
413406170,122.2762619,29.86076636,8.6,338.1,338,0,0,300
414400330,122.271935,29.88263381,11.9,192.5,189,0,0,300
413406170,122.276245,29.86080333,8.4,342.1,342,0,0,301
414400330,122.2719283,29.88259667,12,187.7,184,0,0,301
413406170,122.2762345,29.86084116,8.4,342.1,342,0,0,302
414400330,122.2719318,29.8825267,12,187.7,184,0,0,302
413406170,122.276224,29.860879,8.4,342.1,342,0,0,303
414400330,122.2719354,29.88245673,12,187.7,184,0,0,303
413406170,122.2762135,29.86091683,8.4,342.1,342,0,0,304
414400330,122.2719389,29.88238675,12,187.7,184,0,0,304
413406170,122.276203,29.86095466,8.4,342.1,342,0,0,305
414400330,122.2719424,29.88231678,12,187.7,184,0,0,305
413406170,122.2761925,29.8609925,8.4,342.1,342,0,0,306
414400330,122.2719459,29.88224681,12,187.7,184,0,0,306
413406170,122.276182,29.86103033,8.4,342.1,342,0,0,307
414400330,122.2719495,29.88217684,12,187.7,184,0,0,307
413406170,122.2761715,29.86106816,8.4,342.1,342,0,0,308
414400330,122.271953,29.88210686,12,187.7,184,0,0,308
413406170,122.276161,29.861106,8.4,342.1,342,0,0,309
414400330,122.2719565,29.88203689,12,187.7,184,0,0,309
413406170,122.2761505,29.86114383,8.4,342.1,342,0,0,310
414400330,122.2719601,29.88196692,12,187.7,184,0,0,310
413406170,122.27614,29.86118166,8.4,342.1,342,0,0,311
414400330,122.2719636,29.88189695,12,187.7,184,0,0,311
413406170,122.2761295,29.8612195,8.4,342.1,342,0,0,312
414400330,122.2719671,29.88182697,12,187.7,184,0,0,312
413406170,122.276119,29.86125733,8.4,342.1,342,0,0,313
414400330,122.2719706,29.881757,12,187.7,184,0,0,313
413406170,122.2761085,29.86129516,8.4,342.1,342,0,0,314
414400330,122.2719742,29.88168703,12,187.7,184,0,0,314
413406170,122.276098,29.861333,8.4,342.1,342,0,0,315
414400330,122.2719777,29.88161706,12,187.7,184,0,0,315
413406170,122.2760875,29.86137083,8.4,342.1,342,0,0,316
414400330,122.2719812,29.88154709,12,187.7,184,0,0,316
413406170,122.276077,29.86140866,8.4,342.1,342,0,0,317
414400330,122.2719848,29.88147711,12,187.7,184,0,0,317
413406170,122.2760665,29.8614465,8.4,342.1,342,0,0,318
414400330,122.2719883,29.88140714,12,187.7,184,0,0,318
413406170,122.276056,29.86148433,8.4,342.1,342,0,0,319
414400330,122.2719918,29.88133717,12,187.7,184,0,0,319
413406170,122.2760455,29.86152216,8.4,342.1,342,0,0,320
414400330,122.2719953,29.8812672,12,187.7,184,0,0,320
413406170,122.276035,29.86156,8.4,342.1,342,0,0,321
414400330,122.2719989,29.88119722,12,187.7,184,0,0,321
413406170,122.2760245,29.86159783,8.4,342.1,342,0,0,322
414400330,122.2720024,29.88112725,12,187.7,184,0,0,322
413406170,122.276014,29.86163566,8.4,342.1,342,0,0,323
414400330,122.2720059,29.88105728,12,187.7,184,0,0,323
413406170,122.2760035,29.8616735,8.4,342.1,342,0,0,324
414400330,122.2720095,29.88098731,12,187.7,184,0,0,324
413406170,122.275993,29.86171133,8.4,342.1,342,0,0,325
414400330,122.272013,29.88091733,12,187.7,184,0,0,325
413406170,122.2759825,29.86174916,8.4,342.1,342,0,0,326
414400330,122.2720165,29.88084736,12,187.7,184,0,0,326
413406170,122.275972,29.861787,8.4,342.1,342,0,0,327
414400330,122.27202,29.88077739,12,187.7,184,0,0,327
413406170,122.2759615,29.86182483,8.4,342.1,342,0,0,328
414400330,122.2720236,29.88070742,12,187.7,184,0,0,328
413406170,122.275951,29.86186266,8.4,342.1,342,0,0,329
414400330,122.2720271,29.88063744,12,187.7,184,0,0,329
413406170,122.2759405,29.8619005,8.4,342.1,342,0,0,330
414400330,122.2720306,29.88056747,12,187.7,184,0,0,330
413406170,122.27593,29.86193833,8.4,342.1,342,0,0,331
414400330,122.2720342,29.8804975,12,187.7,184,0,0,331
413406170,122.2759195,29.86197616,8.4,342.1,342,0,0,332
414400330,122.2720377,29.88042753,12,187.7,184,0,0,332
413406170,122.275909,29.862014,8.4,342.1,342,0,0,333
414400330,122.2720412,29.88035756,12,187.7,184,0,0,333
413406170,122.2758985,29.86205183,8.4,342.1,342,0,0,334
414400330,122.2720447,29.88028758,12,187.7,184,0,0,334
413406170,122.275888,29.86208966,8.4,342.1,342,0,0,335
414400330,122.2720483,29.88021761,12,187.7,184,0,0,335
413406170,122.2758775,29.8621275,8.4,342.1,342,0,0,336
414400330,122.2720518,29.88014764,12,187.7,184,0,0,336
413406170,122.275867,29.86216533,8.4,342.1,342,0,0,337
414400330,122.2720553,29.88007767,12,187.7,184,0,0,337
413406170,122.2758565,29.86220316,8.4,342.1,342,0,0,338
414400330,122.2720588,29.88000769,12,187.7,184,0,0,338
413406170,122.275846,29.862241,8.4,342.1,342,0,0,339
414400330,122.2720624,29.87993772,12,187.7,184,0,0,339
413406170,122.2758355,29.86227883,8.4,342.1,342,0,0,340
414400330,122.2720659,29.87986775,12,187.7,184,0,0,340
413406170,122.275825,29.86231666,8.4,342.1,342,0,0,341
414400330,122.2720694,29.87979778,12,187.7,184,0,0,341
413406170,122.2758145,29.8623545,8.4,342.1,342,0,0,342
414400330,122.272073,29.8797278,12,187.7,184,0,0,342
413406170,122.275804,29.86239233,8.4,342.1,342,0,0,343
414400330,122.2720765,29.87965783,12,187.7,184,0,0,343
413406170,122.2757935,29.86243016,8.4,342.1,342,0,0,344
414400330,122.27208,29.87958786,12,187.7,184,0,0,344
413406170,122.275783,29.862468,8.4,342.1,342,0,0,345
414400330,122.2720835,29.87951789,12,187.7,184,0,0,345
413406170,122.2757725,29.86250583,8.4,342.1,342,0,0,346
414400330,122.2720871,29.87944792,12,187.7,184,0,0,346
413406170,122.275762,29.86254366,8.4,342.1,342,0,0,347
414400330,122.2720906,29.87937794,12,187.7,184,0,0,347
413406170,122.2757515,29.8625815,8.4,342.1,342,0,0,348
414400330,122.2720941,29.87930797,12,187.7,184,0,0,348
413406170,122.275741,29.86261933,8.4,342.1,342,0,0,349
414400330,122.2720977,29.879238,12,187.7,184,0,0,349
413406170,122.2757305,29.86265716,8.4,342.1,342,0,0,350
414400330,122.2721012,29.87916803,12,187.7,184,0,0,350
413406170,122.27572,29.862695,8.4,342.1,342,0,0,351
414400330,122.2721047,29.87909805,12,187.7,184,0,0,351
413406170,122.2757095,29.86273283,8.4,342.1,342,0,0,352
414400330,122.2721082,29.87902808,12,187.7,184,0,0,352
413406170,122.275699,29.86277066,8.4,342.1,342,0,0,353
414400330,122.2721118,29.87895811,12,187.7,184,0,0,353
413406170,122.2756885,29.8628085,8.4,342.1,342,0,0,354
414400330,122.2721153,29.87888814,12,187.7,184,0,0,354
413406170,122.275678,29.86284633,8.4,342.1,342,0,0,355
414400330,122.2721188,29.87881816,12,187.7,184,0,0,355
413406170,122.2756675,29.86288416,8.4,342.1,342,0,0,356
414400330,122.2721224,29.87874819,12,187.7,184,0,0,356
413406170,122.275657,29.862922,8.4,342.1,342,0,0,357
414400330,122.2721259,29.87867822,12,187.7,184,0,0,357
413406170,122.2756465,29.86295983,8.4,342.1,342,0,0,358
414400330,122.2721294,29.87860825,12,187.7,184,0,0,358
413406170,122.275636,29.86299766,8.4,342.1,342,0,0,359
414400330,122.2721329,29.87853827,12,187.7,184,0,0,359
413406170,122.2756255,29.8630355,8.4,342.1,342,0,0,360
414400330,122.2721365,29.8784683,12,187.7,184,0,0,360
413406170,122.275615,29.86307333,8.3,348.7,348,0,0,361
414400330,122.27214,29.87839833,11.5,167.7,163,0,0,361
413406170,122.2756109,29.86309227,8.3,348.7,348,0,0,362
414400330,122.2721493,29.87837319,11.5,167.7,163,0,0,362
413406170,122.2756067,29.86311122,8.3,348.7,348,0,0,363
414400330,122.2721586,29.87834805,11.5,167.7,163,0,0,363
413406170,122.2756026,29.86313016,8.3,348.7,348,0,0,364
414400330,122.2721679,29.87832291,11.5,167.7,163,0,0,364
413406170,122.2755984,29.86314911,8.3,348.7,348,0,0,365
414400330,122.2721772,29.87829777,11.5,167.7,163,0,0,365
413406170,122.2755943,29.86316805,8.3,348.7,348,0,0,366
414400330,122.2721865,29.87827264,11.5,167.7,163,0,0,366
413406170,122.2755902,29.863187,8.3,348.7,348,0,0,367
414400330,122.2721958,29.8782475,11.5,167.7,163,0,0,367
413406170,122.275586,29.86320594,8.3,348.7,348,0,0,368
414400330,122.2722051,29.87822236,11.5,167.7,163,0,0,368
413406170,122.2755819,29.86322489,8.3,348.7,348,0,0,369
414400330,122.2722144,29.87819722,11.5,167.7,163,0,0,369
413406170,122.2755778,29.86324383,8.3,348.7,348,0,0,370
414400330,122.2722237,29.87817208,11.5,167.7,163,0,0,370
413406170,122.2755736,29.86326278,8.3,348.7,348,0,0,371
414400330,122.2722331,29.87814694,11.5,167.7,163,0,0,371
413406170,122.2755695,29.86328172,8.3,348.7,348,0,0,372
414400330,122.2722424,29.8781218,11.5,167.7,163,0,0,372
413406170,122.2755653,29.86330066,8.3,348.7,348,0,0,373
414400330,122.2722517,29.87809666,11.5,167.7,163,0,0,373
413406170,122.2755612,29.86331961,8.3,348.7,348,0,0,374
414400330,122.272261,29.87807153,11.5,167.7,163,0,0,374
413406170,122.2755571,29.86333855,8.3,348.7,348,0,0,375
414400330,122.2722703,29.87804639,11.5,167.7,163,0,0,375
413406170,122.2755529,29.8633575,8.3,348.7,348,0,0,376
414400330,122.2722796,29.87802125,11.5,167.7,163,0,0,376
413406170,122.2755488,29.86337644,8.3,348.7,348,0,0,377
414400330,122.2722889,29.87799611,11.5,167.7,163,0,0,377
413406170,122.2755446,29.86339539,8.3,348.7,348,0,0,378
414400330,122.2722982,29.87797097,11.5,167.7,163,0,0,378
413406170,122.2755405,29.86341433,8.3,348.7,348,0,0,379
414400330,122.2723075,29.87794583,11.5,167.7,163,0,0,379
413406170,122.2755364,29.86343328,8.3,348.7,348,0,0,380
414400330,122.2723168,29.87792069,11.5,167.7,163,0,0,380
413406170,122.2755322,29.86345222,8.3,348.7,348,0,0,381
414400330,122.2723261,29.87789555,11.5,167.7,163,0,0,381
413406170,122.2755281,29.86347116,8.3,348.7,348,0,0,382
414400330,122.2723354,29.87787041,11.5,167.7,163,0,0,382
413406170,122.275524,29.86349011,8.3,348.7,348,0,0,383
414400330,122.2723447,29.87784528,11.5,167.7,163,0,0,383
413406170,122.2755198,29.86350905,8.3,348.7,348,0,0,384
414400330,122.272354,29.87782014,11.5,167.7,163,0,0,384
413406170,122.2755157,29.863528,8.3,348.7,348,0,0,385
414400330,122.2723633,29.877795,11.5,167.7,163,0,0,385
413406170,122.2755115,29.86354694,8.3,348.7,348,0,0,386
414400330,122.2723726,29.87776986,11.5,167.7,163,0,0,386
413406170,122.2755074,29.86356589,8.3,348.7,348,0,0,387
414400330,122.2723819,29.87774472,11.5,167.7,163,0,0,387
413406170,122.2755033,29.86358483,8.3,348.7,348,0,0,388
414400330,122.2723912,29.87771958,11.5,167.7,163,0,0,388
413406170,122.2754991,29.86360378,8.3,348.7,348,0,0,389
414400330,122.2724005,29.87769444,11.5,167.7,163,0,0,389
413406170,122.275495,29.86362272,8.3,348.7,348,0,0,390
414400330,122.2724098,29.8776693,11.5,167.7,163,0,0,390
413406170,122.2754909,29.86364167,8.3,348.7,348,0,0,391
414400330,122.2724191,29.87764417,11.5,167.7,163,0,0,391
413406170,122.2754867,29.86366061,8.3,348.7,348,0,0,392
414400330,122.2724285,29.87761903,11.5,167.7,163,0,0,392
413406170,122.2754826,29.86367955,8.3,348.7,348,0,0,393
414400330,122.2724378,29.87759389,11.5,167.7,163,0,0,393
413406170,122.2754784,29.8636985,8.3,348.7,348,0,0,394
414400330,122.2724471,29.87756875,11.5,167.7,163,0,0,394
413406170,122.2754743,29.86371744,8.3,348.7,348,0,0,395
414400330,122.2724564,29.87754361,11.5,167.7,163,0,0,395
413406170,122.2754702,29.86373639,8.3,348.7,348,0,0,396
414400330,122.2724657,29.87751847,11.5,167.7,163,0,0,396
413406170,122.275466,29.86375533,8.3,348.7,348,0,0,397
414400330,122.272475,29.87749333,11.5,167.7,163,0,0,397
413406170,122.2754619,29.86377428,8.3,348.7,348,0,0,398
414400330,122.2724843,29.87746819,11.5,167.7,163,0,0,398
413406170,122.2754577,29.86379322,8.3,348.7,348,0,0,399
414400330,122.2724936,29.87744305,11.5,167.7,163,0,0,399
413406170,122.2754536,29.86381217,8.3,348.7,348,0,0,400
414400330,122.2725029,29.87741792,11.5,167.7,163,0,0,400
413406170,122.2754495,29.86383111,8.3,348.7,348,0,0,401
414400330,122.2725122,29.87739278,11.5,167.7,163,0,0,401
413406170,122.2754453,29.86385005,8.3,348.7,348,0,0,402
414400330,122.2725215,29.87736764,11.5,167.7,163,0,0,402
413406170,122.2754412,29.863869,8.3,348.7,348,0,0,403
414400330,122.2725308,29.8773425,11.5,167.7,163,0,0,403
413406170,122.2754371,29.86388794,8.3,348.7,348,0,0,404
414400330,122.2725401,29.87731736,11.5,167.7,163,0,0,404
413406170,122.2754329,29.86390689,8.3,348.7,348,0,0,405
414400330,122.2725494,29.87729222,11.5,167.7,163,0,0,405
413406170,122.2754288,29.86392583,8.3,348.7,348,0,0,406
414400330,122.2725587,29.87726708,11.5,167.7,163,0,0,406
413406170,122.2754246,29.86394478,8.3,348.7,348,0,0,407
414400330,122.272568,29.87724194,11.5,167.7,163,0,0,407
413406170,122.2754205,29.86396372,8.3,348.7,348,0,0,408
414400330,122.2725773,29.8772168,11.5,167.7,163,0,0,408
413406170,122.2754164,29.86398267,8.3,348.7,348,0,0,409
414400330,122.2725866,29.87719167,11.5,167.7,163,0,0,409
413406170,122.2754122,29.86400161,8.3,348.7,348,0,0,410
414400330,122.2725959,29.87716653,11.5,167.7,163,0,0,410
413406170,122.2754081,29.86402056,8.3,348.7,348,0,0,411
414400330,122.2726053,29.87714139,11.5,167.7,163,0,0,411
413406170,122.2754039,29.8640395,8.3,348.7,348,0,0,412
414400330,122.2726146,29.87711625,11.5,167.7,163,0,0,412
413406170,122.2753998,29.86405844,8.3,348.7,348,0,0,413
414400330,122.2726239,29.87709111,11.5,167.7,163,0,0,413
413406170,122.2753957,29.86407739,8.3,348.7,348,0,0,414
414400330,122.2726332,29.87706597,11.5,167.7,163,0,0,414
413406170,122.2753915,29.86409633,8.3,348.7,348,0,0,415
414400330,122.2726425,29.87704083,11.5,167.7,163,0,0,415
413406170,122.2753874,29.86411528,8.3,348.7,348,0,0,416
414400330,122.2726518,29.87701569,11.5,167.7,163,0,0,416
413406170,122.2753833,29.86413422,8.3,348.7,348,0,0,417
414400330,122.2726611,29.87699056,11.5,167.7,163,0,0,417
413406170,122.2753791,29.86415317,8.3,348.7,348,0,0,418
414400330,122.2726704,29.87696542,11.5,167.7,163,0,0,418
413406170,122.275375,29.86417211,8.3,348.7,348,0,0,419
414400330,122.2726797,29.87694028,11.5,167.7,163,0,0,419
413406170,122.2753708,29.86419106,8.3,348.7,348,0,0,420
414400330,122.272689,29.87691514,11.5,167.7,163,0,0,420
413406170,122.2753667,29.86421,8.2,349.8,349,0,0,421
414400330,122.2726983,29.87689,11.2,162.9,163,0,0,421
413406170,122.275361,29.86425829,8.2,349.8,349,0,0,422
414400330,122.2727149,29.87680928,11.2,162.9,163,0,0,422
413406170,122.2753553,29.86430658,8.2,349.8,349,0,0,423
414400330,122.2727314,29.87672856,11.2,162.9,163,0,0,423
413406170,122.2753495,29.86435488,8.2,349.8,349,0,0,424
414400330,122.272748,29.87664783,11.2,162.9,163,0,0,424
413406170,122.2753438,29.86440317,8.2,349.8,349,0,0,425
414400330,122.2727645,29.87656711,11.2,162.9,163,0,0,425
413406170,122.2753381,29.86445146,8.2,349.8,349,0,0,426
414400330,122.2727811,29.87648639,11.2,162.9,163,0,0,426
413406170,122.2753324,29.86449975,8.2,349.8,349,0,0,427
414400330,122.2727976,29.87640567,11.2,162.9,163,0,0,427
413406170,122.2753266,29.86454804,8.2,349.8,349,0,0,428
414400330,122.2728142,29.87632494,11.2,162.9,163,0,0,428
413406170,122.2753209,29.86459633,8.2,349.8,349,0,0,429
414400330,122.2728308,29.87624422,11.2,162.9,163,0,0,429
413406170,122.2753152,29.86464463,8.2,349.8,349,0,0,430
414400330,122.2728473,29.8761635,11.2,162.9,163,0,0,430
413406170,122.2753095,29.86469292,8.2,349.8,349,0,0,431
414400330,122.2728639,29.87608278,11.2,162.9,163,0,0,431
413406170,122.2753038,29.86474121,8.2,349.8,349,0,0,432
414400330,122.2728804,29.87600206,11.2,162.9,163,0,0,432
413406170,122.275298,29.8647895,8.2,349.8,349,0,0,433
414400330,122.272897,29.87592133,11.2,162.9,163,0,0,433
413406170,122.2752923,29.86483779,8.2,349.8,349,0,0,434
414400330,122.2729135,29.87584061,11.2,162.9,163,0,0,434
413406170,122.2752866,29.86488608,8.2,349.8,349,0,0,435
414400330,122.2729301,29.87575989,11.2,162.9,163,0,0,435
413406170,122.2752809,29.86493438,8.2,349.8,349,0,0,436
414400330,122.2729467,29.87567917,11.2,162.9,163,0,0,436
413406170,122.2752751,29.86498267,8.2,349.8,349,0,0,437
414400330,122.2729632,29.87559845,11.2,162.9,163,0,0,437
413406170,122.2752694,29.86503096,8.2,349.8,349,0,0,438
414400330,122.2729798,29.87551772,11.2,162.9,163,0,0,438
413406170,122.2752637,29.86507925,8.2,349.8,349,0,0,439
414400330,122.2729963,29.875437,11.2,162.9,163,0,0,439
413406170,122.275258,29.86512754,8.2,349.8,349,0,0,440
414400330,122.2730129,29.87535628,11.2,162.9,163,0,0,440
413406170,122.2752523,29.86517583,8.2,349.8,349,0,0,441
414400330,122.2730294,29.87527556,11.2,162.9,163,0,0,441
413406170,122.2752465,29.86522413,8.2,349.8,349,0,0,442
414400330,122.273046,29.87519483,11.2,162.9,163,0,0,442
413406170,122.2752408,29.86527242,8.2,349.8,349,0,0,443
414400330,122.2730625,29.87511411,11.2,162.9,163,0,0,443
413406170,122.2752351,29.86532071,8.2,349.8,349,0,0,444
414400330,122.2730791,29.87503339,11.2,162.9,163,0,0,444
413406170,122.2752294,29.865369,8.2,349.8,349,0,0,445
414400330,122.2730957,29.87495267,11.2,162.9,163,0,0,445
413406170,122.2752236,29.86541729,8.2,349.8,349,0,0,446
414400330,122.2731122,29.87487195,11.2,162.9,163,0,0,446
413406170,122.2752179,29.86546558,8.2,349.8,349,0,0,447
414400330,122.2731288,29.87479122,11.2,162.9,163,0,0,447
413406170,122.2752122,29.86551388,8.2,349.8,349,0,0,448
414400330,122.2731453,29.8747105,11.2,162.9,163,0,0,448
413406170,122.2752065,29.86556217,8.2,349.8,349,0,0,449
414400330,122.2731619,29.87462978,11.2,162.9,163,0,0,449
413406170,122.2752007,29.86561046,8.2,349.8,349,0,0,450
414400330,122.2731784,29.87454906,11.2,162.9,163,0,0,450
413406170,122.275195,29.86565875,8.2,349.8,349,0,0,451
414400330,122.273195,29.87446834,11.2,162.9,163,0,0,451
413406170,122.2751893,29.86570704,8.2,349.8,349,0,0,452
414400330,122.2732116,29.87438761,11.2,162.9,163,0,0,452
413406170,122.2751836,29.86575533,8.2,349.8,349,0,0,453
414400330,122.2732281,29.87430689,11.2,162.9,163,0,0,453
413406170,122.2751779,29.86580362,8.2,349.8,349,0,0,454
414400330,122.2732447,29.87422617,11.2,162.9,163,0,0,454
413406170,122.2751721,29.86585192,8.2,349.8,349,0,0,455
414400330,122.2732612,29.87414545,11.2,162.9,163,0,0,455
413406170,122.2751664,29.86590021,8.2,349.8,349,0,0,456
414400330,122.2732778,29.87406472,11.2,162.9,163,0,0,456
413406170,122.2751607,29.8659485,8.2,349.8,349,0,0,457
414400330,122.2732943,29.873984,11.2,162.9,163,0,0,457
413406170,122.275155,29.86599679,8.2,349.8,349,0,0,458
414400330,122.2733109,29.87390328,11.2,162.9,163,0,0,458
413406170,122.2751492,29.86604508,8.2,349.8,349,0,0,459
414400330,122.2733275,29.87382256,11.2,162.9,163,0,0,459
413406170,122.2751435,29.86609338,8.2,349.8,349,0,0,460
414400330,122.273344,29.87374184,11.2,162.9,163,0,0,460
413406170,122.2751378,29.86614167,8.2,349.8,349,0,0,461
414400330,122.2733606,29.87366111,11.2,162.9,163,0,0,461
413406170,122.2751321,29.86618996,8.2,349.8,349,0,0,462
414400330,122.2733771,29.87358039,11.2,162.9,163,0,0,462
413406170,122.2751264,29.86623825,8.2,349.8,349,0,0,463
414400330,122.2733937,29.87349967,11.2,162.9,163,0,0,463
413406170,122.2751206,29.86628654,8.2,349.8,349,0,0,464
414400330,122.2734102,29.87341895,11.2,162.9,163,0,0,464
413406170,122.2751149,29.86633483,8.2,349.8,349,0,0,465
414400330,122.2734268,29.87333822,11.2,162.9,163,0,0,465
413406170,122.2751092,29.86638313,8.2,349.8,349,0,0,466
414400330,122.2734434,29.8732575,11.2,162.9,163,0,0,466
413406170,122.2751035,29.86643142,8.2,349.8,349,0,0,467
414400330,122.2734599,29.87317678,11.2,162.9,163,0,0,467
413406170,122.2750977,29.86647971,8.2,349.8,349,0,0,468
414400330,122.2734765,29.87309606,11.2,162.9,163,0,0,468
413406170,122.275092,29.866528,8.2,349.8,349,0,0,469
414400330,122.273493,29.87301534,11.2,162.9,163,0,0,469
413406170,122.2750863,29.86657629,8.2,349.8,349,0,0,470
414400330,122.2735096,29.87293461,11.2,162.9,163,0,0,470
413406170,122.2750806,29.86662458,8.2,349.8,349,0,0,471
414400330,122.2735261,29.87285389,11.2,162.9,163,0,0,471
413406170,122.2750749,29.86667288,8.2,349.8,349,0,0,472
414400330,122.2735427,29.87277317,11.2,162.9,163,0,0,472
413406170,122.2750691,29.86672117,8.2,349.8,349,0,0,473
414400330,122.2735592,29.87269245,11.2,162.9,163,0,0,473
413406170,122.2750634,29.86676946,8.2,349.8,349,0,0,474
414400330,122.2735758,29.87261173,11.2,162.9,163,0,0,474
413406170,122.2750577,29.86681775,8.2,349.8,349,0,0,475
414400330,122.2735924,29.872531,11.2,162.9,163,0,0,475
413406170,122.275052,29.86686604,8.2,349.8,349,0,0,476
414400330,122.2736089,29.87245028,11.2,162.9,163,0,0,476
413406170,122.2750462,29.86691433,8.2,349.8,349,0,0,477
414400330,122.2736255,29.87236956,11.2,162.9,163,0,0,477
413406170,122.2750405,29.86696263,8.2,349.8,349,0,0,478
414400330,122.273642,29.87228884,11.2,162.9,163,0,0,478
413406170,122.2750348,29.86701092,8.2,349.8,349,0,0,479
414400330,122.2736586,29.87220811,11.2,162.9,163,0,0,479
413406170,122.2750291,29.86705921,8.2,349.8,349,0,0,480
414400330,122.2736751,29.87212739,11.2,162.9,163,0,0,480
413406170,122.2750234,29.8671075,8.2,349.8,349,0,0,481
414400330,122.2736917,29.87204667,11.7,171.8,172,0,0,481
413406170,122.2750176,29.86715579,8.2,349.8,349,0,0,482
414400330,122.2736966,29.872021,11.7,171.8,172,0,0,482
413406170,122.2750119,29.86720408,8.2,349.8,349,0,0,483
414400330,122.2737016,29.87199534,11.7,171.8,172,0,0,483
413406170,122.2750062,29.86725238,8.2,349.8,349,0,0,484
414400330,122.2737065,29.87196967,11.7,171.8,172,0,0,484
413406170,122.2750005,29.86730067,8.2,349.8,349,0,0,485
414400330,122.2737115,29.871944,11.7,171.8,172,0,0,485
413406170,122.2749947,29.86734896,8.2,349.8,349,0,0,486
414400330,122.2737164,29.87191834,11.7,171.8,172,0,0,486
413406170,122.274989,29.86739725,8.2,349.8,349,0,0,487
414400330,122.2737214,29.87189267,11.7,171.8,172,0,0,487
413406170,122.2749833,29.86744554,8.2,349.8,349,0,0,488
414400330,122.2737263,29.871867,11.7,171.8,172,0,0,488
413406170,122.2749776,29.86749383,8.2,349.8,349,0,0,489
414400330,122.2737312,29.87184134,11.7,171.8,172,0,0,489
413406170,122.2749718,29.86754213,8.2,349.8,349,0,0,490
414400330,122.2737362,29.87181567,11.7,171.8,172,0,0,490
413406170,122.2749661,29.86759042,8.2,349.8,349,0,0,491
414400330,122.2737411,29.87179,11.7,171.8,172,0,0,491
413406170,122.2749604,29.86763871,8.2,349.8,349,0,0,492
414400330,122.2737461,29.87176434,11.7,171.8,172,0,0,492
413406170,122.2749547,29.867687,8.2,349.8,349,0,0,493
414400330,122.273751,29.87173867,11.7,171.8,172,0,0,493
413406170,122.274949,29.86773529,8.2,349.8,349,0,0,494
414400330,122.273756,29.871713,11.7,171.8,172,0,0,494
413406170,122.2749432,29.86778358,8.2,349.8,349,0,0,495
414400330,122.2737609,29.87168734,11.7,171.8,172,0,0,495
413406170,122.2749375,29.86783188,8.2,349.8,349,0,0,496
414400330,122.2737659,29.87166167,11.7,171.8,172,0,0,496
413406170,122.2749318,29.86788017,8.2,349.8,349,0,0,497
414400330,122.2737708,29.871636,11.7,171.8,172,0,0,497
413406170,122.2749261,29.86792846,8.2,349.8,349,0,0,498
414400330,122.2737757,29.87161034,11.7,171.8,172,0,0,498
413406170,122.2749203,29.86797675,8.2,349.8,349,0,0,499
414400330,122.2737807,29.87158467,11.7,171.8,172,0,0,499
413406170,122.2749146,29.86802504,8.2,349.8,349,0,0,500
414400330,122.2737856,29.871559,11.7,171.8,172,0,0,500
413406170,122.2749089,29.86807333,8.2,349.8,349,0,0,501
414400330,122.2737906,29.87153334,11.7,171.8,172,0,0,501
413406170,122.2749032,29.86812163,8.2,349.8,349,0,0,502
414400330,122.2737955,29.87150767,11.7,171.8,172,0,0,502
413406170,122.2748975,29.86816992,8.2,349.8,349,0,0,503
414400330,122.2738005,29.871482,11.7,171.8,172,0,0,503
413406170,122.2748917,29.86821821,8.2,349.8,349,0,0,504
414400330,122.2738054,29.87145634,11.7,171.8,172,0,0,504
413406170,122.274886,29.8682665,8.2,349.8,349,0,0,505
414400330,122.2738103,29.87143067,11.7,171.8,172,0,0,505
413406170,122.2748803,29.86831479,8.2,349.8,349,0,0,506
414400330,122.2738153,29.871405,11.7,171.8,172,0,0,506
413406170,122.2748746,29.86836308,8.2,349.8,349,0,0,507
414400330,122.2738202,29.87137934,11.7,171.8,172,0,0,507
413406170,122.2748688,29.86841138,8.2,349.8,349,0,0,508
414400330,122.2738252,29.87135367,11.7,171.8,172,0,0,508
413406170,122.2748631,29.86845967,8.2,349.8,349,0,0,509
414400330,122.2738301,29.871328,11.7,171.8,172,0,0,509
413406170,122.2748574,29.86850796,8.2,349.8,349,0,0,510
414400330,122.2738351,29.87130234,11.7,171.8,172,0,0,510
413406170,122.2748517,29.86855625,8.2,349.8,349,0,0,511
414400330,122.27384,29.87127667,11.7,171.8,172,0,0,511
413406170,122.274846,29.86860454,8.2,349.8,349,0,0,512
414400330,122.2738449,29.871251,11.7,171.8,172,0,0,512
413406170,122.2748402,29.86865283,8.2,349.8,349,0,0,513
414400330,122.2738499,29.87122534,11.7,171.8,172,0,0,513
413406170,122.2748345,29.86870112,8.2,349.8,349,0,0,514
414400330,122.2738548,29.87119967,11.7,171.8,172,0,0,514
413406170,122.2748288,29.86874942,8.2,349.8,349,0,0,515
414400330,122.2738598,29.871174,11.7,171.8,172,0,0,515
413406170,122.2748231,29.86879771,8.2,349.8,349,0,0,516
414400330,122.2738647,29.87114834,11.7,171.8,172,0,0,516
413406170,122.2748173,29.868846,8.2,349.8,349,0,0,517
414400330,122.2738697,29.87112267,11.7,171.8,172,0,0,517
413406170,122.2748116,29.86889429,8.2,349.8,349,0,0,518
414400330,122.2738746,29.871097,11.7,171.8,172,0,0,518
413406170,122.2748059,29.86894258,8.2,349.8,349,0,0,519
414400330,122.2738795,29.87107134,11.7,171.8,172,0,0,519
413406170,122.2748002,29.86899087,8.2,349.8,349,0,0,520
414400330,122.2738845,29.87104567,11.7,171.8,172,0,0,520
413406170,122.2747945,29.86903917,8.2,349.8,349,0,0,521
414400330,122.2738894,29.87102,11.7,171.8,172,0,0,521
413406170,122.2747887,29.86908746,8.2,349.8,349,0,0,522
414400330,122.2738944,29.87099434,11.7,171.8,172,0,0,522
413406170,122.274783,29.86913575,8.2,349.8,349,0,0,523
414400330,122.2738993,29.87096867,11.7,171.8,172,0,0,523
413406170,122.2747773,29.86918404,8.2,349.8,349,0,0,524
414400330,122.2739043,29.870943,11.7,171.8,172,0,0,524
413406170,122.2747716,29.86923233,8.2,349.8,349,0,0,525
414400330,122.2739092,29.87091734,11.7,171.8,172,0,0,525
413406170,122.2747658,29.86928063,8.2,349.8,349,0,0,526
414400330,122.2739142,29.87089167,11.7,171.8,172,0,0,526
413406170,122.2747601,29.86932892,8.2,349.8,349,0,0,527
414400330,122.2739191,29.870866,11.7,171.8,172,0,0,527
413406170,122.2747544,29.86937721,8.2,349.8,349,0,0,528
414400330,122.273924,29.87084034,11.7,171.8,172,0,0,528
413406170,122.2747487,29.8694255,8.2,349.8,349,0,0,529
414400330,122.273929,29.87081467,11.7,171.8,172,0,0,529
413406170,122.2747429,29.86947379,8.2,349.8,349,0,0,530
414400330,122.2739339,29.870789,11.7,171.8,172,0,0,530
413406170,122.2747372,29.86952208,8.2,349.8,349,0,0,531
414400330,122.2739389,29.87076334,11.7,171.8,172,0,0,531
413406170,122.2747315,29.86957038,8.2,349.8,349,0,0,532
414400330,122.2739438,29.87073767,11.7,171.8,172,0,0,532
413406170,122.2747258,29.86961867,8.2,349.8,349,0,0,533
414400330,122.2739488,29.870712,11.7,171.8,172,0,0,533
413406170,122.2747201,29.86966696,8.2,349.8,349,0,0,534
414400330,122.2739537,29.87068634,11.7,171.8,172,0,0,534
413406170,122.2747143,29.86971525,8.2,349.8,349,0,0,535
414400330,122.2739586,29.87066067,11.7,171.8,172,0,0,535
413406170,122.2747086,29.86976354,8.2,349.8,349,0,0,536
414400330,122.2739636,29.870635,11.7,171.8,172,0,0,536
413406170,122.2747029,29.86981183,8.2,349.8,349,0,0,537
414400330,122.2739685,29.87060934,11.7,171.8,172,0,0,537
413406170,122.2746972,29.86986013,8.2,349.8,349,0,0,538
414400330,122.2739735,29.87058367,11.7,171.8,172,0,0,538
413406170,122.2746914,29.86990842,8.2,349.8,349,0,0,539
414400330,122.2739784,29.870558,11.7,171.8,172,0,0,539
413406170,122.2746857,29.86995671,8.2,349.8,349,0,0,540
414400330,122.2739834,29.87053234,11.7,171.8,172,0,0,540
413406170,122.27468,29.870005,8.2,354.5,354,0,0,541
414400330,122.2739883,29.87050667,11.6,169.2,169,0,0,541
413406170,122.2746761,29.87004283,8.2,354.5,354,0,0,542
414400330,122.2740044,29.8704302,11.6,169.2,169,0,0,542
413406170,122.2746722,29.87008067,8.2,354.5,354,0,0,543
414400330,122.2740205,29.87035373,11.6,169.2,169,0,0,543
413406170,122.2746683,29.8701185,8.2,354.5,354,0,0,544
414400330,122.2740366,29.87027725,11.6,169.2,169,0,0,544
413406170,122.2746644,29.87015633,8.2,354.5,354,0,0,545
414400330,122.2740527,29.87020078,11.6,169.2,169,0,0,545
413406170,122.2746606,29.87019417,8.2,354.5,354,0,0,546
414400330,122.2740689,29.87012431,11.6,169.2,169,0,0,546
413406170,122.2746567,29.870232,8.2,354.5,354,0,0,547
414400330,122.274085,29.87004784,11.6,169.2,169,0,0,547
413406170,122.2746528,29.87026983,8.2,354.5,354,0,0,548
414400330,122.2741011,29.86997136,11.6,169.2,169,0,0,548
413406170,122.2746489,29.87030767,8.2,354.5,354,0,0,549
414400330,122.2741172,29.86989489,11.6,169.2,169,0,0,549
413406170,122.274645,29.8703455,8.2,354.5,354,0,0,550
414400330,122.2741333,29.86981842,11.6,169.2,169,0,0,550
413406170,122.2746411,29.87038333,8.2,354.5,354,0,0,551
414400330,122.2741494,29.86974195,11.6,169.2,169,0,0,551
413406170,122.2746372,29.87042117,8.2,354.5,354,0,0,552
414400330,122.2741655,29.86966547,11.6,169.2,169,0,0,552
413406170,122.2746333,29.870459,8.2,354.5,354,0,0,553
414400330,122.2741816,29.869589,11.6,169.2,169,0,0,553
413406170,122.2746295,29.87049683,8.2,354.5,354,0,0,554
414400330,122.2741978,29.86951253,11.6,169.2,169,0,0,554
413406170,122.2746256,29.87053467,8.2,354.5,354,0,0,555
414400330,122.2742139,29.86943606,11.6,169.2,169,0,0,555
413406170,122.2746217,29.8705725,8.2,354.5,354,0,0,556
414400330,122.27423,29.86935959,11.6,169.2,169,0,0,556
413406170,122.2746178,29.87061033,8.2,354.5,354,0,0,557
414400330,122.2742461,29.86928311,11.6,169.2,169,0,0,557
413406170,122.2746139,29.87064817,8.2,354.5,354,0,0,558
414400330,122.2742622,29.86920664,11.6,169.2,169,0,0,558
413406170,122.27461,29.870686,8.2,354.5,354,0,0,559
414400330,122.2742783,29.86913017,11.6,169.2,169,0,0,559
413406170,122.2746061,29.87072383,8.2,354.5,354,0,0,560
414400330,122.2742944,29.8690537,11.6,169.2,169,0,0,560
413406170,122.2746022,29.87076167,8.2,354.5,354,0,0,561
414400330,122.2743105,29.86897722,11.6,169.2,169,0,0,561
413406170,122.2745983,29.8707995,8.2,354.5,354,0,0,562
414400330,122.2743266,29.86890075,11.6,169.2,169,0,0,562
413406170,122.2745945,29.87083733,8.2,354.5,354,0,0,563
414400330,122.2743428,29.86882428,11.6,169.2,169,0,0,563
413406170,122.2745906,29.87087517,8.2,354.5,354,0,0,564
414400330,122.2743589,29.86874781,11.6,169.2,169,0,0,564
413406170,122.2745867,29.870913,8.2,354.5,354,0,0,565
414400330,122.274375,29.86867133,11.6,169.2,169,0,0,565
413406170,122.2745828,29.87095083,8.2,354.5,354,0,0,566
414400330,122.2743911,29.86859486,11.6,169.2,169,0,0,566
413406170,122.2745789,29.87098867,8.2,354.5,354,0,0,567
414400330,122.2744072,29.86851839,11.6,169.2,169,0,0,567
413406170,122.274575,29.8710265,8.2,354.5,354,0,0,568
414400330,122.2744233,29.86844192,11.6,169.2,169,0,0,568
413406170,122.2745711,29.87106433,8.2,354.5,354,0,0,569
414400330,122.2744394,29.86836544,11.6,169.2,169,0,0,569
413406170,122.2745672,29.87110217,8.2,354.5,354,0,0,570
414400330,122.2744555,29.86828897,11.6,169.2,169,0,0,570
413406170,122.2745634,29.87114,8.2,354.5,354,0,0,571
414400330,122.2744717,29.8682125,11.6,169.2,169,0,0,571
413406170,122.2745595,29.87117783,8.2,354.5,354,0,0,572
414400330,122.2744878,29.86813603,11.6,169.2,169,0,0,572
413406170,122.2745556,29.87121567,8.2,354.5,354,0,0,573
414400330,122.2745039,29.86805956,11.6,169.2,169,0,0,573
413406170,122.2745517,29.8712535,8.2,354.5,354,0,0,574
414400330,122.27452,29.86798308,11.6,169.2,169,0,0,574
413406170,122.2745478,29.87129133,8.2,354.5,354,0,0,575
414400330,122.2745361,29.86790661,11.6,169.2,169,0,0,575
413406170,122.2745439,29.87132917,8.2,354.5,354,0,0,576
414400330,122.2745522,29.86783014,11.6,169.2,169,0,0,576
413406170,122.27454,29.871367,8.2,354.5,354,0,0,577
414400330,122.2745683,29.86775367,11.6,169.2,169,0,0,577
413406170,122.2745361,29.87140483,8.2,354.5,354,0,0,578
414400330,122.2745844,29.86767719,11.6,169.2,169,0,0,578
413406170,122.2745322,29.87144267,8.2,354.5,354,0,0,579
414400330,122.2746005,29.86760072,11.6,169.2,169,0,0,579
413406170,122.2745284,29.8714805,8.2,354.5,354,0,0,580
414400330,122.2746167,29.86752425,11.6,169.2,169,0,0,580
413406170,122.2745245,29.87151833,8.2,354.5,354,0,0,581
414400330,122.2746328,29.86744778,11.6,169.2,169,0,0,581
413406170,122.2745206,29.87155617,8.2,354.5,354,0,0,582
414400330,122.2746489,29.8673713,11.6,169.2,169,0,0,582
413406170,122.2745167,29.871594,8.2,354.5,354,0,0,583
414400330,122.274665,29.86729483,11.6,169.2,169,0,0,583
413406170,122.2745128,29.87163183,8.2,354.5,354,0,0,584
414400330,122.2746811,29.86721836,11.6,169.2,169,0,0,584
413406170,122.2745089,29.87166967,8.2,354.5,354,0,0,585
414400330,122.2746972,29.86714189,11.6,169.2,169,0,0,585
413406170,122.274505,29.8717075,8.2,354.5,354,0,0,586
414400330,122.2747133,29.86706542,11.6,169.2,169,0,0,586
413406170,122.2745011,29.87174533,8.2,354.5,354,0,0,587
414400330,122.2747294,29.86698894,11.6,169.2,169,0,0,587
413406170,122.2744972,29.87178317,8.2,354.5,354,0,0,588
414400330,122.2747455,29.86691247,11.6,169.2,169,0,0,588
413406170,122.2744934,29.871821,8.2,354.5,354,0,0,589
414400330,122.2747617,29.866836,11.6,169.2,169,0,0,589
413406170,122.2744895,29.87185883,8.2,354.5,354,0,0,590
414400330,122.2747778,29.86675953,11.6,169.2,169,0,0,590
413406170,122.2744856,29.87189667,8.2,354.5,354,0,0,591
414400330,122.2747939,29.86668305,11.6,169.2,169,0,0,591
413406170,122.2744817,29.8719345,8.2,354.5,354,0,0,592
414400330,122.27481,29.86660658,11.6,169.2,169,0,0,592
413406170,122.2744778,29.87197233,8.2,354.5,354,0,0,593
414400330,122.2748261,29.86653011,11.6,169.2,169,0,0,593
413406170,122.2744739,29.87201017,8.2,354.5,354,0,0,594
414400330,122.2748422,29.86645364,11.6,169.2,169,0,0,594
413406170,122.27447,29.872048,8.2,354.5,354,0,0,595
414400330,122.2748583,29.86637716,11.6,169.2,169,0,0,595
413406170,122.2744661,29.87208583,8.2,354.5,354,0,0,596
414400330,122.2748744,29.86630069,11.6,169.2,169,0,0,596
413406170,122.2744623,29.87212367,8.2,354.5,354,0,0,597
414400330,122.2748906,29.86622422,11.6,169.2,169,0,0,597
413406170,122.2744584,29.8721615,8.2,354.5,354,0,0,598
414400330,122.2749067,29.86614775,11.6,169.2,169,0,0,598
413406170,122.2744545,29.87219933,8.2,354.5,354,0,0,599
414400330,122.2749228,29.86607127,11.6,169.2,169,0,0,599
413406170,122.2744506,29.87223717,8.2,354.5,354,0,0,600
414400330,122.2749389,29.8659948,11.6,169.2,169,0,0,600
413406170,122.2744467,29.872275,8.1,352.4,352,0,0,601
414400330,122.274955,29.86591833,11.3,171.4,174,0,0,601
413406170,122.2744394,29.87231231,8.1,352.4,352,0,0,602
414400330,122.2749603,29.8658918,11.3,171.4,174,0,0,602
413406170,122.2744321,29.87234961,8.1,352.4,352,0,0,603
414400330,122.2749656,29.86586527,11.3,171.4,174,0,0,603
413406170,122.2744248,29.87238692,8.1,352.4,352,0,0,604
414400330,122.2749709,29.86583875,11.3,171.4,174,0,0,604
413406170,122.2744175,29.87242422,8.1,352.4,352,0,0,605
414400330,122.2749762,29.86581222,11.3,171.4,174,0,0,605
413406170,122.2744102,29.87246153,8.1,352.4,352,0,0,606
414400330,122.2749815,29.86578569,11.3,171.4,174,0,0,606
413406170,122.2744029,29.87249883,8.1,352.4,352,0,0,607
414400330,122.2749868,29.86575916,11.3,171.4,174,0,0,607
413406170,122.2743956,29.87253614,8.1,352.4,352,0,0,608
414400330,122.2749921,29.86573264,11.3,171.4,174,0,0,608
413406170,122.2743882,29.87257344,8.1,352.4,352,0,0,609
414400330,122.2749974,29.86570611,11.3,171.4,174,0,0,609
413406170,122.2743809,29.87261075,8.1,352.4,352,0,0,610
414400330,122.2750027,29.86567958,11.3,171.4,174,0,0,610
413406170,122.2743736,29.87264806,8.1,352.4,352,0,0,611
414400330,122.2750081,29.86565305,11.3,171.4,174,0,0,611
413406170,122.2743663,29.87268536,8.1,352.4,352,0,0,612
414400330,122.2750134,29.86562653,11.3,171.4,174,0,0,612
413406170,122.274359,29.87272267,8.1,352.4,352,0,0,613
414400330,122.2750187,29.8656,11.3,171.4,174,0,0,613
413406170,122.2743517,29.87275997,8.1,352.4,352,0,0,614
414400330,122.275024,29.86557347,11.3,171.4,174,0,0,614
413406170,122.2743444,29.87279728,8.1,352.4,352,0,0,615
414400330,122.2750293,29.86554694,11.3,171.4,174,0,0,615
413406170,122.2743371,29.87283458,8.1,352.4,352,0,0,616
414400330,122.2750346,29.86552042,11.3,171.4,174,0,0,616
413406170,122.2743298,29.87287189,8.1,352.4,352,0,0,617
414400330,122.2750399,29.86549389,11.3,171.4,174,0,0,617
413406170,122.2743225,29.87290919,8.1,352.4,352,0,0,618
414400330,122.2750452,29.86546736,11.3,171.4,174,0,0,618
413406170,122.2743152,29.8729465,8.1,352.4,352,0,0,619
414400330,122.2750505,29.86544083,11.3,171.4,174,0,0,619
413406170,122.2743079,29.8729838,8.1,352.4,352,0,0,620
414400330,122.2750558,29.8654143,11.3,171.4,174,0,0,620
413406170,122.2743006,29.87302111,8.1,352.4,352,0,0,621
414400330,122.2750611,29.86538778,11.3,171.4,174,0,0,621
413406170,122.2742933,29.87305842,8.1,352.4,352,0,0,622
414400330,122.2750664,29.86536125,11.3,171.4,174,0,0,622
413406170,122.274286,29.87309572,8.1,352.4,352,0,0,623
414400330,122.2750717,29.86533472,11.3,171.4,174,0,0,623
413406170,122.2742786,29.87313303,8.1,352.4,352,0,0,624
414400330,122.275077,29.86530819,11.3,171.4,174,0,0,624
413406170,122.2742713,29.87317033,8.1,352.4,352,0,0,625
414400330,122.2750823,29.86528167,11.3,171.4,174,0,0,625
413406170,122.274264,29.87320764,8.1,352.4,352,0,0,626
414400330,122.2750876,29.86525514,11.3,171.4,174,0,0,626
413406170,122.2742567,29.87324494,8.1,352.4,352,0,0,627
414400330,122.2750929,29.86522861,11.3,171.4,174,0,0,627
413406170,122.2742494,29.87328225,8.1,352.4,352,0,0,628
414400330,122.2750982,29.86520208,11.3,171.4,174,0,0,628
413406170,122.2742421,29.87331955,8.1,352.4,352,0,0,629
414400330,122.2751035,29.86517556,11.3,171.4,174,0,0,629
413406170,122.2742348,29.87335686,8.1,352.4,352,0,0,630
414400330,122.2751088,29.86514903,11.3,171.4,174,0,0,630
413406170,122.2742275,29.87339417,8.1,352.4,352,0,0,631
414400330,122.2751142,29.8651225,11.3,171.4,174,0,0,631
413406170,122.2742202,29.87343147,8.1,352.4,352,0,0,632
414400330,122.2751195,29.86509597,11.3,171.4,174,0,0,632
413406170,122.2742129,29.87346878,8.1,352.4,352,0,0,633
414400330,122.2751248,29.86506944,11.3,171.4,174,0,0,633
413406170,122.2742056,29.87350608,8.1,352.4,352,0,0,634
414400330,122.2751301,29.86504292,11.3,171.4,174,0,0,634
413406170,122.2741983,29.87354339,8.1,352.4,352,0,0,635
414400330,122.2751354,29.86501639,11.3,171.4,174,0,0,635
413406170,122.274191,29.87358069,8.1,352.4,352,0,0,636
414400330,122.2751407,29.86498986,11.3,171.4,174,0,0,636
413406170,122.2741837,29.873618,8.1,352.4,352,0,0,637
414400330,122.275146,29.86496333,11.3,171.4,174,0,0,637
413406170,122.2741764,29.8736553,8.1,352.4,352,0,0,638
414400330,122.2751513,29.86493681,11.3,171.4,174,0,0,638
413406170,122.274169,29.87369261,8.1,352.4,352,0,0,639
414400330,122.2751566,29.86491028,11.3,171.4,174,0,0,639
413406170,122.2741617,29.87372991,8.1,352.4,352,0,0,640
414400330,122.2751619,29.86488375,11.3,171.4,174,0,0,640
413406170,122.2741544,29.87376722,8.1,352.4,352,0,0,641
414400330,122.2751672,29.86485722,11.3,171.4,174,0,0,641
413406170,122.2741471,29.87380453,8.1,352.4,352,0,0,642
414400330,122.2751725,29.8648307,11.3,171.4,174,0,0,642
413406170,122.2741398,29.87384183,8.1,352.4,352,0,0,643
414400330,122.2751778,29.86480417,11.3,171.4,174,0,0,643
413406170,122.2741325,29.87387914,8.1,352.4,352,0,0,644
414400330,122.2751831,29.86477764,11.3,171.4,174,0,0,644
413406170,122.2741252,29.87391644,8.1,352.4,352,0,0,645
414400330,122.2751884,29.86475111,11.3,171.4,174,0,0,645
413406170,122.2741179,29.87395375,8.1,352.4,352,0,0,646
414400330,122.2751937,29.86472459,11.3,171.4,174,0,0,646
413406170,122.2741106,29.87399105,8.1,352.4,352,0,0,647
414400330,122.275199,29.86469806,11.3,171.4,174,0,0,647
413406170,122.2741033,29.87402836,8.1,352.4,352,0,0,648
414400330,122.2752043,29.86467153,11.3,171.4,174,0,0,648
413406170,122.274096,29.87406566,8.1,352.4,352,0,0,649
414400330,122.2752096,29.864645,11.3,171.4,174,0,0,649
413406170,122.2740887,29.87410297,8.1,352.4,352,0,0,650
414400330,122.2752149,29.86461847,11.3,171.4,174,0,0,650
413406170,122.2740814,29.87414028,8.1,352.4,352,0,0,651
414400330,122.2752202,29.86459195,11.3,171.4,174,0,0,651
413406170,122.2740741,29.87417758,8.1,352.4,352,0,0,652
414400330,122.2752256,29.86456542,11.3,171.4,174,0,0,652
413406170,122.2740668,29.87421489,8.1,352.4,352,0,0,653
414400330,122.2752309,29.86453889,11.3,171.4,174,0,0,653
413406170,122.2740594,29.87425219,8.1,352.4,352,0,0,654
414400330,122.2752362,29.86451236,11.3,171.4,174,0,0,654
413406170,122.2740521,29.8742895,8.1,352.4,352,0,0,655
414400330,122.2752415,29.86448584,11.3,171.4,174,0,0,655
413406170,122.2740448,29.8743268,8.1,352.4,352,0,0,656
414400330,122.2752468,29.86445931,11.3,171.4,174,0,0,656
413406170,122.2740375,29.87436411,8.1,352.4,352,0,0,657
414400330,122.2752521,29.86443278,11.3,171.4,174,0,0,657
413406170,122.2740302,29.87440141,8.1,352.4,352,0,0,658
414400330,122.2752574,29.86440625,11.3,171.4,174,0,0,658
413406170,122.2740229,29.87443872,8.1,352.4,352,0,0,659
414400330,122.2752627,29.86437973,11.3,171.4,174,0,0,659
413406170,122.2740156,29.87447602,8.1,352.4,352,0,0,660
414400330,122.275268,29.8643532,11.3,171.4,174,0,0,660
413406170,122.2740083,29.87451333,8,353.1,353,0,0,661
414400330,122.2752733,29.86432667,11.4,171.2,172,0,0,661
413406170,122.2740004,29.87455005,8,353.1,353,0,0,662
414400330,122.2752887,29.8642512,11.4,171.2,172,0,0,662
413406170,122.2739926,29.87458677,8,353.1,353,0,0,663
414400330,122.2753041,29.86417573,11.4,171.2,172,0,0,663
413406170,122.2739847,29.8746235,8,353.1,353,0,0,664
414400330,122.2753195,29.86410025,11.4,171.2,172,0,0,664
413406170,122.2739769,29.87466022,8,353.1,353,0,0,665
414400330,122.275335,29.86402478,11.4,171.2,172,0,0,665
413406170,122.273969,29.87469694,8,353.1,353,0,0,666
414400330,122.2753504,29.86394931,11.4,171.2,172,0,0,666
413406170,122.2739611,29.87473366,8,353.1,353,0,0,667
414400330,122.2753658,29.86387384,11.4,171.2,172,0,0,667
413406170,122.2739533,29.87477039,8,353.1,353,0,0,668
414400330,122.2753812,29.86379836,11.4,171.2,172,0,0,668
413406170,122.2739454,29.87480711,8,353.1,353,0,0,669
414400330,122.2753966,29.86372289,11.4,171.2,172,0,0,669
413406170,122.2739376,29.87484383,8,353.1,353,0,0,670
414400330,122.2754121,29.86364742,11.4,171.2,172,0,0,670
413406170,122.2739297,29.87488055,8,353.1,353,0,0,671
414400330,122.2754275,29.86357195,11.4,171.2,172,0,0,671
413406170,122.2739218,29.87491728,8,353.1,353,0,0,672
414400330,122.2754429,29.86349647,11.4,171.2,172,0,0,672
413406170,122.273914,29.874954,8,353.1,353,0,0,673
414400330,122.2754583,29.863421,11.4,171.2,172,0,0,673
413406170,122.2739061,29.87499072,8,353.1,353,0,0,674
414400330,122.2754737,29.86334553,11.4,171.2,172,0,0,674
413406170,122.2738983,29.87502744,8,353.1,353,0,0,675
414400330,122.2754891,29.86327006,11.4,171.2,172,0,0,675
413406170,122.2738904,29.87506416,8,353.1,353,0,0,676
414400330,122.2755046,29.86319459,11.4,171.2,172,0,0,676
413406170,122.2738825,29.87510089,8,353.1,353,0,0,677
414400330,122.27552,29.86311911,11.4,171.2,172,0,0,677
413406170,122.2738747,29.87513761,8,353.1,353,0,0,678
414400330,122.2755354,29.86304364,11.4,171.2,172,0,0,678
413406170,122.2738668,29.87517433,8,353.1,353,0,0,679
414400330,122.2755508,29.86296817,11.4,171.2,172,0,0,679
413406170,122.273859,29.87521105,8,353.1,353,0,0,680
414400330,122.2755662,29.8628927,11.4,171.2,172,0,0,680
413406170,122.2738511,29.87524778,8,353.1,353,0,0,681
414400330,122.2755816,29.86281722,11.4,171.2,172,0,0,681
413406170,122.2738432,29.8752845,8,353.1,353,0,0,682
414400330,122.2755971,29.86274175,11.4,171.2,172,0,0,682
413406170,122.2738354,29.87532122,8,353.1,353,0,0,683
414400330,122.2756125,29.86266628,11.4,171.2,172,0,0,683
413406170,122.2738275,29.87535794,8,353.1,353,0,0,684
414400330,122.2756279,29.86259081,11.4,171.2,172,0,0,684
413406170,122.2738197,29.87539467,8,353.1,353,0,0,685
414400330,122.2756433,29.86251533,11.4,171.2,172,0,0,685
413406170,122.2738118,29.87543139,8,353.1,353,0,0,686
414400330,122.2756587,29.86243986,11.4,171.2,172,0,0,686
413406170,122.2738039,29.87546811,8,353.1,353,0,0,687
414400330,122.2756741,29.86236439,11.4,171.2,172,0,0,687
413406170,122.2737961,29.87550483,8,353.1,353,0,0,688
414400330,122.2756896,29.86228892,11.4,171.2,172,0,0,688
413406170,122.2737882,29.87554156,8,353.1,353,0,0,689
414400330,122.275705,29.86221344,11.4,171.2,172,0,0,689
413406170,122.2737804,29.87557828,8,353.1,353,0,0,690
414400330,122.2757204,29.86213797,11.4,171.2,172,0,0,690
413406170,122.2737725,29.875615,8,353.1,353,0,0,691
414400330,122.2757358,29.8620625,11.4,171.2,172,0,0,691
413406170,122.2737646,29.87565172,8,353.1,353,0,0,692
414400330,122.2757512,29.86198703,11.4,171.2,172,0,0,692
413406170,122.2737568,29.87568844,8,353.1,353,0,0,693
414400330,122.2757666,29.86191156,11.4,171.2,172,0,0,693
413406170,122.2737489,29.87572517,8,353.1,353,0,0,694
414400330,122.2757821,29.86183608,11.4,171.2,172,0,0,694
413406170,122.2737411,29.87576189,8,353.1,353,0,0,695
414400330,122.2757975,29.86176061,11.4,171.2,172,0,0,695
413406170,122.2737332,29.87579861,8,353.1,353,0,0,696
414400330,122.2758129,29.86168514,11.4,171.2,172,0,0,696
413406170,122.2737253,29.87583533,8,353.1,353,0,0,697
414400330,122.2758283,29.86160967,11.4,171.2,172,0,0,697
413406170,122.2737175,29.87587206,8,353.1,353,0,0,698
414400330,122.2758437,29.86153419,11.4,171.2,172,0,0,698
413406170,122.2737096,29.87590878,8,353.1,353,0,0,699
414400330,122.2758591,29.86145872,11.4,171.2,172,0,0,699
413406170,122.2737018,29.8759455,8,353.1,353,0,0,700
414400330,122.2758746,29.86138325,11.4,171.2,172,0,0,700
413406170,122.2736939,29.87598222,8,353.1,353,0,0,701
414400330,122.27589,29.86130778,11.4,171.2,172,0,0,701
413406170,122.273686,29.87601895,8,353.1,353,0,0,702
414400330,122.2759054,29.8612323,11.4,171.2,172,0,0,702
413406170,122.2736782,29.87605567,8,353.1,353,0,0,703
414400330,122.2759208,29.86115683,11.4,171.2,172,0,0,703
413406170,122.2736703,29.87609239,8,353.1,353,0,0,704
414400330,122.2759362,29.86108136,11.4,171.2,172,0,0,704
413406170,122.2736625,29.87612911,8,353.1,353,0,0,705
414400330,122.2759516,29.86100589,11.4,171.2,172,0,0,705
413406170,122.2736546,29.87616584,8,353.1,353,0,0,706
414400330,122.2759671,29.86093042,11.4,171.2,172,0,0,706
413406170,122.2736467,29.87620256,8,353.1,353,0,0,707
414400330,122.2759825,29.86085494,11.4,171.2,172,0,0,707
413406170,122.2736389,29.87623928,8,353.1,353,0,0,708
414400330,122.2759979,29.86077947,11.4,171.2,172,0,0,708
413406170,122.273631,29.876276,8,353.1,353,0,0,709
414400330,122.2760133,29.860704,11.4,171.2,172,0,0,709
413406170,122.2736232,29.87631272,8,353.1,353,0,0,710
414400330,122.2760287,29.86062853,11.4,171.2,172,0,0,710
413406170,122.2736153,29.87634945,8,353.1,353,0,0,711
414400330,122.2760441,29.86055305,11.4,171.2,172,0,0,711
413406170,122.2736074,29.87638617,8,353.1,353,0,0,712
414400330,122.2760596,29.86047758,11.4,171.2,172,0,0,712
413406170,122.2735996,29.87642289,8,353.1,353,0,0,713
414400330,122.276075,29.86040211,11.4,171.2,172,0,0,713
413406170,122.2735917,29.87645961,8,353.1,353,0,0,714
414400330,122.2760904,29.86032664,11.4,171.2,172,0,0,714
413406170,122.2735839,29.87649634,8,353.1,353,0,0,715
414400330,122.2761058,29.86025116,11.4,171.2,172,0,0,715
413406170,122.273576,29.87653306,8,353.1,353,0,0,716
414400330,122.2761212,29.86017569,11.4,171.2,172,0,0,716
413406170,122.2735681,29.87656978,8,353.1,353,0,0,717
414400330,122.2761366,29.86010022,11.4,171.2,172,0,0,717
413406170,122.2735603,29.8766065,8,353.1,353,0,0,718
414400330,122.2761521,29.86002475,11.4,171.2,172,0,0,718
413406170,122.2735524,29.87664323,8,353.1,353,0,0,719
414400330,122.2761675,29.85994927,11.4,171.2,172,0,0,719
413406170,122.2735446,29.87667995,8,353.1,353,0,0,720
414400330,122.2761829,29.8598738,11.4,171.2,172,0,0,720
413406170,122.2735367,29.87671667,8,346.9,346,0,0,721
414400330,122.2761983,29.85979833,10.9,170.9,170,0,0,721
413406170,122.2735311,29.87675336,8,346.9,346,0,0,722
414400330,122.2762031,29.85977258,10.9,170.9,170,0,0,722
413406170,122.2735255,29.87679006,8,346.9,346,0,0,723
414400330,122.2762078,29.85974683,10.9,170.9,170,0,0,723
413406170,122.2735199,29.87682675,8,346.9,346,0,0,724
414400330,122.2762126,29.85972108,10.9,170.9,170,0,0,724
413406170,122.2735143,29.87686345,8,346.9,346,0,0,725
414400330,122.2762173,29.85969533,10.9,170.9,170,0,0,725
413406170,122.2735086,29.87690014,8,346.9,346,0,0,726
414400330,122.2762221,29.85966958,10.9,170.9,170,0,0,726
413406170,122.273503,29.87693684,8,346.9,346,0,0,727
414400330,122.2762268,29.85964383,10.9,170.9,170,0,0,727
413406170,122.2734974,29.87697353,8,346.9,346,0,0,728
414400330,122.2762316,29.85961808,10.9,170.9,170,0,0,728
413406170,122.2734918,29.87701022,8,346.9,346,0,0,729
414400330,122.2762363,29.85959233,10.9,170.9,170,0,0,729
413406170,122.2734862,29.87704692,8,346.9,346,0,0,730
414400330,122.2762411,29.85956658,10.9,170.9,170,0,0,730
413406170,122.2734806,29.87708361,8,346.9,346,0,0,731
414400330,122.2762458,29.85954083,10.9,170.9,170,0,0,731
413406170,122.273475,29.87712031,8,346.9,346,0,0,732
414400330,122.2762506,29.85951508,10.9,170.9,170,0,0,732
413406170,122.2734694,29.877157,8,346.9,346,0,0,733
414400330,122.2762553,29.85948933,10.9,170.9,170,0,0,733
413406170,122.2734637,29.8771937,8,346.9,346,0,0,734
414400330,122.2762601,29.85946358,10.9,170.9,170,0,0,734
413406170,122.2734581,29.87723039,8,346.9,346,0,0,735
414400330,122.2762648,29.85943783,10.9,170.9,170,0,0,735
413406170,122.2734525,29.87726709,8,346.9,346,0,0,736
414400330,122.2762696,29.85941208,10.9,170.9,170,0,0,736
413406170,122.2734469,29.87730378,8,346.9,346,0,0,737
414400330,122.2762743,29.85938633,10.9,170.9,170,0,0,737
413406170,122.2734413,29.87734047,8,346.9,346,0,0,738
414400330,122.2762791,29.85936058,10.9,170.9,170,0,0,738
413406170,122.2734357,29.87737717,8,346.9,346,0,0,739
414400330,122.2762838,29.85933483,10.9,170.9,170,0,0,739
413406170,122.2734301,29.87741386,8,346.9,346,0,0,740
414400330,122.2762886,29.85930908,10.9,170.9,170,0,0,740
413406170,122.2734245,29.87745056,8,346.9,346,0,0,741
414400330,122.2762933,29.85928333,10.9,170.9,170,0,0,741
413406170,122.2734189,29.87748725,8,346.9,346,0,0,742
414400330,122.2762981,29.85925758,10.9,170.9,170,0,0,742
413406170,122.2734132,29.87752395,8,346.9,346,0,0,743
414400330,122.2763028,29.85923183,10.9,170.9,170,0,0,743
413406170,122.2734076,29.87756064,8,346.9,346,0,0,744
414400330,122.2763076,29.85920608,10.9,170.9,170,0,0,744
413406170,122.273402,29.87759733,8,346.9,346,0,0,745
414400330,122.2763123,29.85918033,10.9,170.9,170,0,0,745
413406170,122.2733964,29.87763403,8,346.9,346,0,0,746
414400330,122.2763171,29.85915458,10.9,170.9,170,0,0,746
413406170,122.2733908,29.87767072,8,346.9,346,0,0,747
414400330,122.2763218,29.85912883,10.9,170.9,170,0,0,747
413406170,122.2733852,29.87770742,8,346.9,346,0,0,748
414400330,122.2763266,29.85910308,10.9,170.9,170,0,0,748
413406170,122.2733796,29.87774411,8,346.9,346,0,0,749
414400330,122.2763313,29.85907733,10.9,170.9,170,0,0,749
413406170,122.273374,29.87778081,8,346.9,346,0,0,750
414400330,122.2763361,29.85905158,10.9,170.9,170,0,0,750
413406170,122.2733684,29.8778175,8,346.9,346,0,0,751
414400330,122.2763408,29.85902583,10.9,170.9,170,0,0,751
413406170,122.2733627,29.87785419,8,346.9,346,0,0,752
414400330,122.2763456,29.85900008,10.9,170.9,170,0,0,752
413406170,122.2733571,29.87789089,8,346.9,346,0,0,753
414400330,122.2763503,29.85897433,10.9,170.9,170,0,0,753
413406170,122.2733515,29.87792758,8,346.9,346,0,0,754
414400330,122.2763551,29.85894858,10.9,170.9,170,0,0,754
413406170,122.2733459,29.87796428,8,346.9,346,0,0,755
414400330,122.2763598,29.85892283,10.9,170.9,170,0,0,755
413406170,122.2733403,29.87800097,8,346.9,346,0,0,756
414400330,122.2763646,29.85889708,10.9,170.9,170,0,0,756
413406170,122.2733347,29.87803767,8,346.9,346,0,0,757
414400330,122.2763693,29.85887133,10.9,170.9,170,0,0,757
413406170,122.2733291,29.87807436,8,346.9,346,0,0,758
414400330,122.2763741,29.85884558,10.9,170.9,170,0,0,758
413406170,122.2733235,29.87811105,8,346.9,346,0,0,759
414400330,122.2763788,29.85881983,10.9,170.9,170,0,0,759
413406170,122.2733178,29.87814775,8,346.9,346,0,0,760
414400330,122.2763835,29.85879408,10.9,170.9,170,0,0,760
413406170,122.2733122,29.87818444,8,346.9,346,0,0,761
414400330,122.2763883,29.85876833,10.9,170.9,170,0,0,761
413406170,122.2733066,29.87822114,8,346.9,346,0,0,762
414400330,122.2763931,29.85874258,10.9,170.9,170,0,0,762
413406170,122.273301,29.87825783,8,346.9,346,0,0,763
414400330,122.2763978,29.85871683,10.9,170.9,170,0,0,763
413406170,122.2732954,29.87829453,8,346.9,346,0,0,764
414400330,122.2764026,29.85869108,10.9,170.9,170,0,0,764
413406170,122.2732898,29.87833122,8,346.9,346,0,0,765
414400330,122.2764073,29.85866533,10.9,170.9,170,0,0,765
413406170,122.2732842,29.87836792,8,346.9,346,0,0,766
414400330,122.2764121,29.85863958,10.9,170.9,170,0,0,766
413406170,122.2732786,29.87840461,8,346.9,346,0,0,767
414400330,122.2764168,29.85861383,10.9,170.9,170,0,0,767
413406170,122.273273,29.8784413,8,346.9,346,0,0,768
414400330,122.2764216,29.85858808,10.9,170.9,170,0,0,768
413406170,122.2732673,29.878478,8,346.9,346,0,0,769
414400330,122.2764263,29.85856233,10.9,170.9,170,0,0,769
413406170,122.2732617,29.87851469,8,346.9,346,0,0,770
414400330,122.2764311,29.85853658,10.9,170.9,170,0,0,770
413406170,122.2732561,29.87855139,8,346.9,346,0,0,771
414400330,122.2764358,29.85851083,10.9,170.9,170,0,0,771
413406170,122.2732505,29.87858808,8,346.9,346,0,0,772
414400330,122.2764405,29.85848508,10.9,170.9,170,0,0,772
413406170,122.2732449,29.87862478,8,346.9,346,0,0,773
414400330,122.2764453,29.85845933,10.9,170.9,170,0,0,773
413406170,122.2732393,29.87866147,8,346.9,346,0,0,774
414400330,122.2764501,29.85843358,10.9,170.9,170,0,0,774
413406170,122.2732337,29.87869816,8,346.9,346,0,0,775
414400330,122.2764548,29.85840783,10.9,170.9,170,0,0,775
413406170,122.2732281,29.87873486,8,346.9,346,0,0,776
414400330,122.2764596,29.85838208,10.9,170.9,170,0,0,776
413406170,122.2732224,29.87877155,8,346.9,346,0,0,777
414400330,122.2764643,29.85835633,10.9,170.9,170,0,0,777
413406170,122.2732168,29.87880825,8,346.9,346,0,0,778
414400330,122.2764691,29.85833058,10.9,170.9,170,0,0,778
413406170,122.2732112,29.87884494,8,346.9,346,0,0,779
414400330,122.2764738,29.85830483,10.9,170.9,170,0,0,779
413406170,122.2732056,29.87888164,8,346.9,346,0,0,780
414400330,122.2764786,29.85827908,10.9,170.9,170,0,0,780
413406170,122.2732,29.87891833,7.9,357,357,0,0,781
414400330,122.2764833,29.85825333,11,172.3,172,0,0,781
413406170,122.2731937,29.87895427,7.9,357,357,0,0,782
414400330,122.2764994,29.85817691,11,172.3,172,0,0,782
413406170,122.2731874,29.87899022,7.9,357,357,0,0,783
414400330,122.2765154,29.8581005,11,172.3,172,0,0,783
413406170,122.2731811,29.87902616,7.9,357,357,0,0,784
414400330,122.2765315,29.85802408,11,172.3,172,0,0,784
413406170,122.2731748,29.87906211,7.9,357,357,0,0,785
414400330,122.2765475,29.85794766,11,172.3,172,0,0,785
413406170,122.2731685,29.87909805,7.9,357,357,0,0,786
414400330,122.2765636,29.85787125,11,172.3,172,0,0,786
413406170,122.2731622,29.879134,7.9,357,357,0,0,787
414400330,122.2765796,29.85779483,11,172.3,172,0,0,787
413406170,122.2731559,29.87916994,7.9,357,357,0,0,788
414400330,122.2765957,29.85771841,11,172.3,172,0,0,788
413406170,122.2731496,29.87920589,7.9,357,357,0,0,789
414400330,122.2766118,29.857642,11,172.3,172,0,0,789
413406170,122.2731433,29.87924183,7.9,357,357,0,0,790
414400330,122.2766278,29.85756558,11,172.3,172,0,0,790
413406170,122.273137,29.87927778,7.9,357,357,0,0,791
414400330,122.2766439,29.85748916,11,172.3,172,0,0,791
413406170,122.2731306,29.87931372,7.9,357,357,0,0,792
414400330,122.2766599,29.85741275,11,172.3,172,0,0,792
413406170,122.2731243,29.87934966,7.9,357,357,0,0,793
414400330,122.276676,29.85733633,11,172.3,172,0,0,793
413406170,122.273118,29.87938561,7.9,357,357,0,0,794
414400330,122.276692,29.85725991,11,172.3,172,0,0,794
413406170,122.2731117,29.87942155,7.9,357,357,0,0,795
414400330,122.2767081,29.8571835,11,172.3,172,0,0,795
413406170,122.2731054,29.8794575,7.9,357,357,0,0,796
414400330,122.2767241,29.85710708,11,172.3,172,0,0,796
413406170,122.2730991,29.87949344,7.9,357,357,0,0,797
414400330,122.2767402,29.85703066,11,172.3,172,0,0,797
413406170,122.2730928,29.87952939,7.9,357,357,0,0,798
414400330,122.2767563,29.85695425,11,172.3,172,0,0,798
413406170,122.2730865,29.87956533,7.9,357,357,0,0,799
414400330,122.2767723,29.85687783,11,172.3,172,0,0,799
413406170,122.2730802,29.87960128,7.9,357,357,0,0,800
414400330,122.2767884,29.85680141,11,172.3,172,0,0,800
413406170,122.2730739,29.87963722,7.9,357,357,0,0,801
414400330,122.2768044,29.856725,11,172.3,172,0,0,801
413406170,122.2730676,29.87967316,7.9,357,357,0,0,802
414400330,122.2768205,29.85664858,11,172.3,172,0,0,802
413406170,122.2730613,29.87970911,7.9,357,357,0,0,803
414400330,122.2768365,29.85657216,11,172.3,172,0,0,803
413406170,122.273055,29.87974505,7.9,357,357,0,0,804
414400330,122.2768526,29.85649575,11,172.3,172,0,0,804
413406170,122.2730487,29.879781,7.9,357,357,0,0,805
414400330,122.2768687,29.85641933,11,172.3,172,0,0,805
413406170,122.2730424,29.87981694,7.9,357,357,0,0,806
414400330,122.2768847,29.85634291,11,172.3,172,0,0,806
413406170,122.2730361,29.87985289,7.9,357,357,0,0,807
414400330,122.2769008,29.8562665,11,172.3,172,0,0,807
413406170,122.2730298,29.87988883,7.9,357,357,0,0,808
414400330,122.2769168,29.85619008,11,172.3,172,0,0,808
413406170,122.2730235,29.87992478,7.9,357,357,0,0,809
414400330,122.2769329,29.85611366,11,172.3,172,0,0,809
413406170,122.2730172,29.87996072,7.9,357,357,0,0,810
414400330,122.2769489,29.85603725,11,172.3,172,0,0,810
413406170,122.2730108,29.87999667,7.9,357,357,0,0,811
414400330,122.276965,29.85596083,11,172.3,172,0,0,811
413406170,122.2730045,29.88003261,7.9,357,357,0,0,812
414400330,122.2769811,29.85588441,11,172.3,172,0,0,812
413406170,122.2729982,29.88006855,7.9,357,357,0,0,813
414400330,122.2769971,29.855808,11,172.3,172,0,0,813
413406170,122.2729919,29.8801045,7.9,357,357,0,0,814
414400330,122.2770132,29.85573158,11,172.3,172,0,0,814
413406170,122.2729856,29.88014044,7.9,357,357,0,0,815
414400330,122.2770292,29.85565516,11,172.3,172,0,0,815
413406170,122.2729793,29.88017639,7.9,357,357,0,0,816
414400330,122.2770453,29.85557875,11,172.3,172,0,0,816
413406170,122.272973,29.88021233,7.9,357,357,0,0,817
414400330,122.2770613,29.85550233,11,172.3,172,0,0,817
413406170,122.2729667,29.88024828,7.9,357,357,0,0,818
414400330,122.2770774,29.85542591,11,172.3,172,0,0,818
413406170,122.2729604,29.88028422,7.9,357,357,0,0,819
414400330,122.2770935,29.8553495,11,172.3,172,0,0,819
413406170,122.2729541,29.88032017,7.9,357,357,0,0,820
414400330,122.2771095,29.85527308,11,172.3,172,0,0,820
413406170,122.2729478,29.88035611,7.9,357,357,0,0,821
414400330,122.2771256,29.85519666,11,172.3,172,0,0,821
413406170,122.2729415,29.88039205,7.9,357,357,0,0,822
414400330,122.2771416,29.85512025,11,172.3,172,0,0,822
413406170,122.2729352,29.880428,7.9,357,357,0,0,823
414400330,122.2771577,29.85504383,11,172.3,172,0,0,823
413406170,122.2729289,29.88046394,7.9,357,357,0,0,824
414400330,122.2771737,29.85496741,11,172.3,172,0,0,824
413406170,122.2729226,29.88049989,7.9,357,357,0,0,825
414400330,122.2771898,29.854891,11,172.3,172,0,0,825
413406170,122.2729163,29.88053583,7.9,357,357,0,0,826
414400330,122.2772059,29.85481458,11,172.3,172,0,0,826
413406170,122.27291,29.88057178,7.9,357,357,0,0,827
414400330,122.2772219,29.85473816,11,172.3,172,0,0,827
413406170,122.2729037,29.88060772,7.9,357,357,0,0,828
414400330,122.277238,29.85466175,11,172.3,172,0,0,828
413406170,122.2728974,29.88064367,7.9,357,357,0,0,829
414400330,122.277254,29.85458533,11,172.3,172,0,0,829
413406170,122.2728911,29.88067961,7.9,357,357,0,0,830
414400330,122.2772701,29.85450891,11,172.3,172,0,0,830
413406170,122.2728848,29.88071556,7.9,357,357,0,0,831
414400330,122.2772861,29.8544325,11,172.3,172,0,0,831
413406170,122.2728784,29.8807515,7.9,357,357,0,0,832
414400330,122.2773022,29.85435608,11,172.3,172,0,0,832
413406170,122.2728721,29.88078744,7.9,357,357,0,0,833
414400330,122.2773182,29.85427966,11,172.3,172,0,0,833
413406170,122.2728658,29.88082339,7.9,357,357,0,0,834
414400330,122.2773343,29.85420325,11,172.3,172,0,0,834
413406170,122.2728595,29.88085933,7.9,357,357,0,0,835
414400330,122.2773504,29.85412683,11,172.3,172,0,0,835
413406170,122.2728532,29.88089528,7.9,357,357,0,0,836
414400330,122.2773664,29.85405041,11,172.3,172,0,0,836
413406170,122.2728469,29.88093122,7.9,357,357,0,0,837
414400330,122.2773825,29.853974,11,172.3,172,0,0,837
413406170,122.2728406,29.88096717,7.9,357,357,0,0,838
414400330,122.2773985,29.85389758,11,172.3,172,0,0,838
413406170,122.2728343,29.88100311,7.9,357,357,0,0,839
414400330,122.2774146,29.85382116,11,172.3,172,0,0,839
413406170,122.272828,29.88103906,7.9,357,357,0,0,840
414400330,122.2774306,29.85374475,11,172.3,172,0,0,840
413406170,122.2728217,29.881075,7.4,357.9,357,0,0,841
414400330,122.2774467,29.85366833,11,171.3,171,0,0,841
